[
  {
    "operation": "Get Audit Report",
    "description": "",
    "operationId": "GetAuditReports",
    "operationApiType": "POST",
    "operationPath": "auditreports",
    "operationSummary": "Get Audit Report.",
    "operationDescription": "",
    "deprecated": false,
    "adapterProperties": [
      {
        "name": "AdapterMode",
        "key": "",
        "value": "Solicit Response"
      }
    ],
    "parameters": [
      {
        "name": "ApiKey",
        "value": "",
        "param_type": "Header",
        "required": true,
        "isVisible": true,
        "datatype": "System.String",
        "ui_source": "operation",
        "ui_category": "Misc",
        "ui_displayName": "Api Key"
      },
      {
        "name": "ApiSecret",
        "value": "",
        "param_type": "Header",
        "required": true,
        "isVisible": true,
        "datatype": "System.String",
        "ui_source": "operation",
        "ui_category": "Misc",
        "ui_displayName": "Api Secret"
      },
      {
        "name": "ApiUsername",
        "value": "",
        "param_type": "Header",
        "required": true,
        "isVisible": true,
        "datatype": "System.String",
        "ui_source": "operation",
        "ui_category": "Misc",
        "ui_displayName": "Api Username"
      },
      {
        "name": "ApiPassword",
        "value": "",
        "param_type": "Header",
        "required": true,
        "isVisible": true,
        "datatype": "System.String",
        "ui_source": "operation",
        "ui_category": "Misc",
        "ui_displayName": "Api Password"
      },
      {
        "name": "Body",
        "value": "",
        "param_type": "Param",
        "bindable": true,
        "isVisible": false,
        "required": true,
        "datatype": "System.String",
        "description": "Specify the content of the body to upload.",
        "ui_source": "operation",
        "ui_EditorType": "TextArea",
        "ui_category": "Subscribe Mode Properties",
        "ui_displayName": "Body"
      },
      {
        "name": "BodyType",
        "value": "Raw",
        "param_type": "Param",
        "ui_source": "operation"
      },
      {
        "name": "BodyFormat",
        "value": "XML",
        "param_type": "Param",
        "ui_source": "operation"
      }
    ]
  },
  {
    "operation": "Verify API Credentials",
    "description": "",
    "operationId": "ServiceAuthenticationTest",
    "operationApiType": "POST",
    "operationPath": "communications/serviceauthenticationtest",
    "operationSummary": "ServiceAuthenticationTest - Verify API Credentials",
    "operationDescription": "",
    "deprecated": false,
    "adapterProperties": [
      {
        "name": "AdapterMode",
        "key": "",
        "value": "Solicit Response"
      }
    ],
    "parameters": [
      {
        "name": "ApiKey",
        "value": "",
        "param_type": "Header",
        "required": true,
        "isVisible": true,
        "datatype": "System.String",
        "ui_source": "operation",
        "ui_category": "Misc",
        "ui_displayName": "Api Key"
      },
      {
        "name": "ApiSecret",
        "value": "",
        "param_type": "Header",
        "required": true,
        "isVisible": true,
        "datatype": "System.String",
        "ui_source": "operation",
        "ui_category": "Misc",
        "ui_displayName": "Api Secret"
      },
      {
        "name": "ApiUsername",
        "value": "",
        "param_type": "Header",
        "required": true,
        "isVisible": true,
        "datatype": "System.String",
        "ui_source": "operation",
        "ui_category": "Misc",
        "ui_displayName": "Api Username"
      },
      {
        "name": "ApiPassword",
        "value": "",
        "param_type": "Header",
        "required": true,
        "isVisible": true,
        "datatype": "System.String",
        "ui_source": "operation",
        "ui_category": "Misc",
        "ui_displayName": "Api Password"
      },
      {
        "name": "Body",
        "value": "",
        "param_type": "Param",
        "bindable": true,
        "isVisible": false,
        "required": true,
        "datatype": "System.String",
        "description": "Specify the content of the body to upload.",
        "ui_source": "operation",
        "ui_EditorType": "TextArea",
        "ui_category": "Subscribe Mode Properties",
        "ui_displayName": "Body"
      },
      {
        "name": "BodyType",
        "value": "Raw",
        "param_type": "Param",
        "ui_source": "operation"
      },
      {
        "name": "BodyFormat",
        "value": "XML",
        "param_type": "Param",
        "ui_source": "operation"
      }
    ]
  },
  {
    "operation": "Get an existing Document",
    "description": "",
    "operationId": "GetDocuments",
    "operationApiType": "POST",
    "operationPath": "documents",
    "operationSummary": "Get an existing Document.",
    "operationDescription": "",
    "deprecated": false,
    "adapterProperties": [
      {
        "name": "AdapterMode",
        "key": "",
        "value": "Solicit Response"
      }
    ],
    "parameters": [
      {
        "name": "ApiKey",
        "value": "",
        "param_type": "Header",
        "required": true,
        "isVisible": true,
        "datatype": "System.String",
        "ui_source": "operation",
        "ui_category": "Misc",
        "ui_displayName": "Api Key"
      },
      {
        "name": "ApiSecret",
        "value": "",
        "param_type": "Header",
        "required": true,
        "isVisible": true,
        "datatype": "System.String",
        "ui_source": "operation",
        "ui_category": "Misc",
        "ui_displayName": "Api Secret"
      },
      {
        "name": "ApiUsername",
        "value": "",
        "param_type": "Header",
        "required": true,
        "isVisible": true,
        "datatype": "System.String",
        "ui_source": "operation",
        "ui_category": "Misc",
        "ui_displayName": "Api Username"
      },
      {
        "name": "ApiPassword",
        "value": "",
        "param_type": "Header",
        "required": true,
        "isVisible": true,
        "datatype": "System.String",
        "ui_source": "operation",
        "ui_category": "Misc",
        "ui_displayName": "Api Password"
      },
      {
        "name": "Body",
        "value": "",
        "param_type": "Param",
        "bindable": true,
        "isVisible": false,
        "required": true,
        "datatype": "System.String",
        "description": "Specify the content of the body to upload.",
        "ui_source": "operation",
        "ui_EditorType": "TextArea",
        "ui_category": "Subscribe Mode Properties",
        "ui_displayName": "Body"
      },
      {
        "name": "BodyType",
        "value": "Raw",
        "param_type": "Param",
        "ui_source": "operation"
      },
      {
        "name": "BodyFormat",
        "value": "XML",
        "param_type": "Param",
        "ui_source": "operation"
      }
    ]
  },
  {
    "operation": "Update an existing Document",
    "description": "",
    "operationId": "UpdateDocuments",
    "operationApiType": "PUT",
    "operationPath": "documents",
    "operationSummary": "Update an existing Document.",
    "operationDescription": "",
    "deprecated": false,
    "adapterProperties": [
      {
        "name": "AdapterMode",
        "key": "",
        "value": "Solicit Response"
      }
    ],
    "parameters": [
      {
        "name": "ApiKey",
        "value": "",
        "param_type": "Header",
        "required": true,
        "isVisible": true,
        "datatype": "System.String",
        "ui_source": "operation",
        "ui_category": "Misc",
        "ui_displayName": "Api Key"
      },
      {
        "name": "ApiSecret",
        "value": "",
        "param_type": "Header",
        "required": true,
        "isVisible": true,
        "datatype": "System.String",
        "ui_source": "operation",
        "ui_category": "Misc",
        "ui_displayName": "Api Secret"
      },
      {
        "name": "ApiUsername",
        "value": "",
        "param_type": "Header",
        "required": true,
        "isVisible": true,
        "datatype": "System.String",
        "ui_source": "operation",
        "ui_category": "Misc",
        "ui_displayName": "Api Username"
      },
      {
        "name": "ApiPassword",
        "value": "",
        "param_type": "Header",
        "required": true,
        "isVisible": true,
        "datatype": "System.String",
        "ui_source": "operation",
        "ui_category": "Misc",
        "ui_displayName": "Api Password"
      },
      {
        "name": "Body",
        "value": "",
        "param_type": "Param",
        "bindable": true,
        "isVisible": false,
        "required": true,
        "datatype": "System.String",
        "description": "Specify the content of the body to upload.",
        "ui_source": "operation",
        "ui_EditorType": "TextArea",
        "ui_category": "Subscribe Mode Properties",
        "ui_displayName": "Body"
      },
      {
        "name": "BodyType",
        "value": "Raw",
        "param_type": "Param",
        "ui_source": "operation"
      },
      {
        "name": "BodyFormat",
        "value": "XML",
        "param_type": "Param",
        "ui_source": "operation"
      }
    ]
  },
  {
    "operation": "Retrieve Document Files",
    "description": "",
    "operationId": "GetDocumentFiles",
    "operationApiType": "POST",
    "operationPath": "documents/files",
    "operationSummary": "Retrieve Document Files.",
    "operationDescription": "",
    "deprecated": false,
    "adapterProperties": [
      {
        "name": "AdapterMode",
        "key": "",
        "value": "Solicit Response"
      }
    ],
    "parameters": [
      {
        "name": "ApiKey",
        "value": "",
        "param_type": "Header",
        "required": true,
        "isVisible": true,
        "datatype": "System.String",
        "ui_source": "operation",
        "ui_category": "Misc",
        "ui_displayName": "Api Key"
      },
      {
        "name": "ApiSecret",
        "value": "",
        "param_type": "Header",
        "required": true,
        "isVisible": true,
        "datatype": "System.String",
        "ui_source": "operation",
        "ui_category": "Misc",
        "ui_displayName": "Api Secret"
      },
      {
        "name": "ApiUsername",
        "value": "",
        "param_type": "Header",
        "required": true,
        "isVisible": true,
        "datatype": "System.String",
        "ui_source": "operation",
        "ui_category": "Misc",
        "ui_displayName": "Api Username"
      },
      {
        "name": "ApiPassword",
        "value": "",
        "param_type": "Header",
        "required": true,
        "isVisible": true,
        "datatype": "System.String",
        "ui_source": "operation",
        "ui_category": "Misc",
        "ui_displayName": "Api Password"
      },
      {
        "name": "Body",
        "value": "",
        "param_type": "Param",
        "bindable": true,
        "isVisible": false,
        "required": true,
        "datatype": "System.String",
        "description": "Specify the content of the body to upload.",
        "ui_source": "operation",
        "ui_EditorType": "TextArea",
        "ui_category": "Subscribe Mode Properties",
        "ui_displayName": "Body"
      },
      {
        "name": "BodyType",
        "value": "Raw",
        "param_type": "Param",
        "ui_source": "operation"
      },
      {
        "name": "BodyFormat",
        "value": "XML",
        "param_type": "Param",
        "ui_source": "operation"
      }
    ]
  },
  {
    "operation": "Insert a Document",
    "description": "",
    "operationId": "InsertDocuments",
    "operationApiType": "POST",
    "operationPath": "documents/insert",
    "operationSummary": "Insert a Document.",
    "operationDescription": "",
    "deprecated": false,
    "adapterProperties": [
      {
        "name": "AdapterMode",
        "key": "",
        "value": "Solicit Response"
      }
    ],
    "parameters": [
      {
        "name": "ApiKey",
        "value": "",
        "param_type": "Header",
        "required": true,
        "isVisible": true,
        "datatype": "System.String",
        "ui_source": "operation",
        "ui_category": "Misc",
        "ui_displayName": "Api Key"
      },
      {
        "name": "ApiSecret",
        "value": "",
        "param_type": "Header",
        "required": true,
        "isVisible": true,
        "datatype": "System.String",
        "ui_source": "operation",
        "ui_category": "Misc",
        "ui_displayName": "Api Secret"
      },
      {
        "name": "ApiUsername",
        "value": "",
        "param_type": "Header",
        "required": true,
        "isVisible": true,
        "datatype": "System.String",
        "ui_source": "operation",
        "ui_category": "Misc",
        "ui_displayName": "Api Username"
      },
      {
        "name": "ApiPassword",
        "value": "",
        "param_type": "Header",
        "required": true,
        "isVisible": true,
        "datatype": "System.String",
        "ui_source": "operation",
        "ui_category": "Misc",
        "ui_displayName": "Api Password"
      },
      {
        "name": "Body",
        "value": "",
        "param_type": "Param",
        "bindable": true,
        "isVisible": false,
        "required": true,
        "datatype": "System.String",
        "description": "Specify the content of the body to upload.",
        "ui_source": "operation",
        "ui_EditorType": "TextArea",
        "ui_category": "Subscribe Mode Properties",
        "ui_displayName": "Body"
      },
      {
        "name": "BodyType",
        "value": "Raw",
        "param_type": "Param",
        "ui_source": "operation"
      },
      {
        "name": "BodyFormat",
        "value": "XML",
        "param_type": "Param",
        "ui_source": "operation"
      }
    ]
  },
  {
    "operation": "Get the Document object",
    "description": "",
    "operationId": "GetDocumentsUpdateable",
    "operationApiType": "POST",
    "operationPath": "documentsupdateable",
    "operationSummary": "Get the Document object that you can use to update with the UpdateDocuments() method.",
    "operationDescription": "",
    "deprecated": false,
    "adapterProperties": [
      {
        "name": "AdapterMode",
        "key": "",
        "value": "Solicit Response"
      }
    ],
    "parameters": [
      {
        "name": "ApiKey",
        "value": "",
        "param_type": "Header",
        "required": true,
        "isVisible": true,
        "datatype": "System.String",
        "ui_source": "operation",
        "ui_category": "Misc",
        "ui_displayName": "Api Key"
      },
      {
        "name": "ApiSecret",
        "value": "",
        "param_type": "Header",
        "required": true,
        "isVisible": true,
        "datatype": "System.String",
        "ui_source": "operation",
        "ui_category": "Misc",
        "ui_displayName": "Api Secret"
      },
      {
        "name": "ApiUsername",
        "value": "",
        "param_type": "Header",
        "required": true,
        "isVisible": true,
        "datatype": "System.String",
        "ui_source": "operation",
        "ui_category": "Misc",
        "ui_displayName": "Api Username"
      },
      {
        "name": "ApiPassword",
        "value": "",
        "param_type": "Header",
        "required": true,
        "isVisible": true,
        "datatype": "System.String",
        "ui_source": "operation",
        "ui_category": "Misc",
        "ui_displayName": "Api Password"
      },
      {
        "name": "Body",
        "value": "",
        "param_type": "Param",
        "bindable": true,
        "isVisible": false,
        "required": true,
        "datatype": "System.String",
        "description": "Specify the content of the body to upload.",
        "ui_source": "operation",
        "ui_EditorType": "TextArea",
        "ui_category": "Subscribe Mode Properties",
        "ui_displayName": "Body"
      },
      {
        "name": "BodyType",
        "value": "Raw",
        "param_type": "Param",
        "ui_source": "operation"
      },
      {
        "name": "BodyFormat",
        "value": "XML",
        "param_type": "Param",
        "ui_source": "operation"
      }
    ]
  },
  {
    "operation": "Get File Attachments",
    "description": "",
    "operationId": "GetFileAttachments",
    "operationApiType": "POST",
    "operationPath": "fileattachments",
    "operationSummary": "Get File Attachments.",
    "operationDescription": "",
    "deprecated": false,
    "adapterProperties": [
      {
        "name": "AdapterMode",
        "key": "",
        "value": "Solicit Response"
      }
    ],
    "parameters": [
      {
        "name": "ApiKey",
        "value": "",
        "param_type": "Header",
        "required": true,
        "isVisible": true,
        "datatype": "System.String",
        "ui_source": "operation",
        "ui_category": "Misc",
        "ui_displayName": "Api Key"
      },
      {
        "name": "ApiSecret",
        "value": "",
        "param_type": "Header",
        "required": true,
        "isVisible": true,
        "datatype": "System.String",
        "ui_source": "operation",
        "ui_category": "Misc",
        "ui_displayName": "Api Secret"
      },
      {
        "name": "ApiUsername",
        "value": "",
        "param_type": "Header",
        "required": true,
        "isVisible": true,
        "datatype": "System.String",
        "ui_source": "operation",
        "ui_category": "Misc",
        "ui_displayName": "Api Username"
      },
      {
        "name": "ApiPassword",
        "value": "",
        "param_type": "Header",
        "required": true,
        "isVisible": true,
        "datatype": "System.String",
        "ui_source": "operation",
        "ui_category": "Misc",
        "ui_displayName": "Api Password"
      },
      {
        "name": "Body",
        "value": "",
        "param_type": "Param",
        "bindable": true,
        "isVisible": false,
        "required": true,
        "datatype": "System.String",
        "description": "Specify the content of the body to upload.",
        "ui_source": "operation",
        "ui_EditorType": "TextArea",
        "ui_category": "Subscribe Mode Properties",
        "ui_displayName": "Body"
      },
      {
        "name": "BodyType",
        "value": "Raw",
        "param_type": "Param",
        "ui_source": "operation"
      },
      {
        "name": "BodyFormat",
        "value": "XML",
        "param_type": "Param",
        "ui_source": "operation"
      }
    ]
  },
  {
    "operation": "Insert File Attachments",
    "description": "",
    "operationId": "InsertFileAttachments",
    "operationApiType": "POST",
    "operationPath": "fileattachments/insert",
    "operationSummary": "Insert File Attachments.",
    "operationDescription": "",
    "deprecated": false,
    "adapterProperties": [
      {
        "name": "AdapterMode",
        "key": "",
        "value": "Solicit Response"
      }
    ],
    "parameters": [
      {
        "name": "ApiKey",
        "value": "",
        "param_type": "Header",
        "required": true,
        "isVisible": true,
        "datatype": "System.String",
        "ui_source": "operation",
        "ui_category": "Misc",
        "ui_displayName": "Api Key"
      },
      {
        "name": "ApiSecret",
        "value": "",
        "param_type": "Header",
        "required": true,
        "isVisible": true,
        "datatype": "System.String",
        "ui_source": "operation",
        "ui_category": "Misc",
        "ui_displayName": "Api Secret"
      },
      {
        "name": "ApiUsername",
        "value": "",
        "param_type": "Header",
        "required": true,
        "isVisible": true,
        "datatype": "System.String",
        "ui_source": "operation",
        "ui_category": "Misc",
        "ui_displayName": "Api Username"
      },
      {
        "name": "ApiPassword",
        "value": "",
        "param_type": "Header",
        "required": true,
        "isVisible": true,
        "datatype": "System.String",
        "ui_source": "operation",
        "ui_category": "Misc",
        "ui_displayName": "Api Password"
      },
      {
        "name": "Body",
        "value": "",
        "param_type": "Param",
        "bindable": true,
        "isVisible": false,
        "required": true,
        "datatype": "System.String",
        "description": "Specify the content of the body to upload.",
        "ui_source": "operation",
        "ui_EditorType": "TextArea",
        "ui_category": "Subscribe Mode Properties",
        "ui_displayName": "Body"
      },
      {
        "name": "BodyType",
        "value": "Raw",
        "param_type": "Param",
        "ui_source": "operation"
      },
      {
        "name": "BodyFormat",
        "value": "XML",
        "param_type": "Param",
        "ui_source": "operation"
      }
    ]
  },
  {
    "operation": "Delete a Group",
    "description": "",
    "operationId": "DeleteGroupsAsync",
    "operationApiType": "DELETE",
    "operationPath": "groups",
    "operationSummary": "Delete a Group.",
    "operationDescription": "",
    "deprecated": false,
    "adapterProperties": [
      {
        "name": "AdapterMode",
        "key": "",
        "value": "Solicit Response"
      }
    ],
    "parameters": [
      {
        "name": "ApiKey",
        "value": "",
        "param_type": "Header",
        "required": true,
        "isVisible": true,
        "datatype": "System.String",
        "ui_source": "operation",
        "ui_category": "Misc",
        "ui_displayName": "Api Key"
      },
      {
        "name": "ApiSecret",
        "value": "",
        "param_type": "Header",
        "required": true,
        "isVisible": true,
        "datatype": "System.String",
        "ui_source": "operation",
        "ui_category": "Misc",
        "ui_displayName": "Api Secret"
      },
      {
        "name": "ApiUsername",
        "value": "",
        "param_type": "Header",
        "required": true,
        "isVisible": true,
        "datatype": "System.String",
        "ui_source": "operation",
        "ui_category": "Misc",
        "ui_displayName": "Api Username"
      },
      {
        "name": "ApiPassword",
        "value": "",
        "param_type": "Header",
        "required": true,
        "isVisible": true,
        "datatype": "System.String",
        "ui_source": "operation",
        "ui_category": "Misc",
        "ui_displayName": "Api Password"
      },
      {
        "name": "Body",
        "value": "",
        "param_type": "Param",
        "bindable": true,
        "isVisible": false,
        "required": true,
        "datatype": "System.String",
        "description": "Specify the content of the body to upload.",
        "ui_source": "operation",
        "ui_EditorType": "TextArea",
        "ui_category": "Subscribe Mode Properties",
        "ui_displayName": "Body"
      },
      {
        "name": "BodyType",
        "value": "Raw",
        "param_type": "Param",
        "ui_source": "operation"
      },
      {
        "name": "BodyFormat",
        "value": "XML",
        "param_type": "Param",
        "ui_source": "operation"
      }
    ]
  },
  {
    "operation": "Insert a Group",
    "description": "",
    "operationId": "InsertGroupsAsync",
    "operationApiType": "POST",
    "operationPath": "groups/insert",
    "operationSummary": "Insert a Group.",
    "operationDescription": "",
    "deprecated": false,
    "adapterProperties": [
      {
        "name": "AdapterMode",
        "key": "",
        "value": "Solicit Response"
      }
    ],
    "parameters": [
      {
        "name": "ApiKey",
        "value": "",
        "param_type": "Header",
        "required": true,
        "isVisible": true,
        "datatype": "System.String",
        "ui_source": "operation",
        "ui_category": "Misc",
        "ui_displayName": "Api Key"
      },
      {
        "name": "ApiSecret",
        "value": "",
        "param_type": "Header",
        "required": true,
        "isVisible": true,
        "datatype": "System.String",
        "ui_source": "operation",
        "ui_category": "Misc",
        "ui_displayName": "Api Secret"
      },
      {
        "name": "ApiUsername",
        "value": "",
        "param_type": "Header",
        "required": true,
        "isVisible": true,
        "datatype": "System.String",
        "ui_source": "operation",
        "ui_category": "Misc",
        "ui_displayName": "Api Username"
      },
      {
        "name": "ApiPassword",
        "value": "",
        "param_type": "Header",
        "required": true,
        "isVisible": true,
        "datatype": "System.String",
        "ui_source": "operation",
        "ui_category": "Misc",
        "ui_displayName": "Api Password"
      },
      {
        "name": "Body",
        "value": "",
        "param_type": "Param",
        "bindable": true,
        "isVisible": false,
        "required": true,
        "datatype": "System.String",
        "description": "Specify the content of the body to upload.",
        "ui_source": "operation",
        "ui_EditorType": "TextArea",
        "ui_category": "Subscribe Mode Properties",
        "ui_displayName": "Body"
      },
      {
        "name": "BodyType",
        "value": "Raw",
        "param_type": "Param",
        "ui_source": "operation"
      },
      {
        "name": "BodyFormat",
        "value": "XML",
        "param_type": "Param",
        "ui_source": "operation"
      }
    ]
  },
  {
    "operation": "Update an existing Group",
    "description": "",
    "operationId": "UpdateGroupsAsync",
    "operationApiType": "PUT",
    "operationPath": "groups",
    "operationSummary": "Update an existing Group.",
    "operationDescription": "",
    "deprecated": false,
    "adapterProperties": [
      {
        "name": "AdapterMode",
        "key": "",
        "value": "Solicit Response"
      }
    ],
    "parameters": [
      {
        "name": "ApiKey",
        "value": "",
        "param_type": "Header",
        "required": true,
        "isVisible": true,
        "datatype": "System.String",
        "ui_source": "operation",
        "ui_category": "Misc",
        "ui_displayName": "Api Key"
      },
      {
        "name": "ApiSecret",
        "value": "",
        "param_type": "Header",
        "required": true,
        "isVisible": true,
        "datatype": "System.String",
        "ui_source": "operation",
        "ui_category": "Misc",
        "ui_displayName": "Api Secret"
      },
      {
        "name": "ApiUsername",
        "value": "",
        "param_type": "Header",
        "required": true,
        "isVisible": true,
        "datatype": "System.String",
        "ui_source": "operation",
        "ui_category": "Misc",
        "ui_displayName": "Api Username"
      },
      {
        "name": "ApiPassword",
        "value": "",
        "param_type": "Header",
        "required": true,
        "isVisible": true,
        "datatype": "System.String",
        "ui_source": "operation",
        "ui_category": "Misc",
        "ui_displayName": "Api Password"
      },
      {
        "name": "Body",
        "value": "",
        "param_type": "Param",
        "bindable": true,
        "isVisible": false,
        "required": true,
        "datatype": "System.String",
        "description": "Specify the content of the body to upload.",
        "ui_source": "operation",
        "ui_EditorType": "TextArea",
        "ui_category": "Subscribe Mode Properties",
        "ui_displayName": "Body"
      },
      {
        "name": "BodyType",
        "value": "Raw",
        "param_type": "Param",
        "ui_source": "operation"
      },
      {
        "name": "BodyFormat",
        "value": "XML",
        "param_type": "Param",
        "ui_source": "operation"
      }
    ]
  },
  {
    "operation": "Get a Participant",
    "description": "",
    "operationId": "GetParticipants",
    "operationApiType": "POST",
    "operationPath": "participants",
    "operationSummary": "Get a Participant.",
    "operationDescription": "",
    "deprecated": false,
    "adapterProperties": [
      {
        "name": "AdapterMode",
        "key": "",
        "value": "Solicit Response"
      }
    ],
    "parameters": [
      {
        "name": "ApiKey",
        "value": "",
        "param_type": "Header",
        "required": true,
        "isVisible": true,
        "datatype": "System.String",
        "ui_source": "operation",
        "ui_category": "Misc",
        "ui_displayName": "Api Key"
      },
      {
        "name": "ApiSecret",
        "value": "",
        "param_type": "Header",
        "required": true,
        "isVisible": true,
        "datatype": "System.String",
        "ui_source": "operation",
        "ui_category": "Misc",
        "ui_displayName": "Api Secret"
      },
      {
        "name": "ApiUsername",
        "value": "",
        "param_type": "Header",
        "required": true,
        "isVisible": true,
        "datatype": "System.String",
        "ui_source": "operation",
        "ui_category": "Misc",
        "ui_displayName": "Api Username"
      },
      {
        "name": "ApiPassword",
        "value": "",
        "param_type": "Header",
        "required": true,
        "isVisible": true,
        "datatype": "System.String",
        "ui_source": "operation",
        "ui_category": "Misc",
        "ui_displayName": "Api Password"
      },
      {
        "name": "Body",
        "value": "",
        "param_type": "Param",
        "bindable": true,
        "isVisible": false,
        "required": true,
        "datatype": "System.String",
        "description": "Specify the content of the body to upload.",
        "ui_source": "operation",
        "ui_EditorType": "TextArea",
        "ui_category": "Subscribe Mode Properties",
        "ui_displayName": "Body"
      },
      {
        "name": "BodyType",
        "value": "Raw",
        "param_type": "Param",
        "ui_source": "operation"
      },
      {
        "name": "BodyFormat",
        "value": "XML",
        "param_type": "Param",
        "ui_source": "operation"
      }
    ]
  },
  {
    "operation": "Update Participant",
    "description": "",
    "operationId": "UpdateParticipants",
    "operationApiType": "PUT",
    "operationPath": "participants",
    "operationSummary": "Update Participant.",
    "operationDescription": "",
    "deprecated": false,
    "adapterProperties": [
      {
        "name": "AdapterMode",
        "key": "",
        "value": "Solicit Response"
      }
    ],
    "parameters": [
      {
        "name": "ApiKey",
        "value": "",
        "param_type": "Header",
        "required": true,
        "isVisible": true,
        "datatype": "System.String",
        "ui_source": "operation",
        "ui_category": "Misc",
        "ui_displayName": "Api Key"
      },
      {
        "name": "ApiSecret",
        "value": "",
        "param_type": "Header",
        "required": true,
        "isVisible": true,
        "datatype": "System.String",
        "ui_source": "operation",
        "ui_category": "Misc",
        "ui_displayName": "Api Secret"
      },
      {
        "name": "ApiUsername",
        "value": "",
        "param_type": "Header",
        "required": true,
        "isVisible": true,
        "datatype": "System.String",
        "ui_source": "operation",
        "ui_category": "Misc",
        "ui_displayName": "Api Username"
      },
      {
        "name": "ApiPassword",
        "value": "",
        "param_type": "Header",
        "required": true,
        "isVisible": true,
        "datatype": "System.String",
        "ui_source": "operation",
        "ui_category": "Misc",
        "ui_displayName": "Api Password"
      },
      {
        "name": "Body",
        "value": "",
        "param_type": "Param",
        "bindable": true,
        "isVisible": false,
        "required": true,
        "datatype": "System.String",
        "description": "Specify the content of the body to upload.",
        "ui_source": "operation",
        "ui_EditorType": "TextArea",
        "ui_category": "Subscribe Mode Properties",
        "ui_displayName": "Body"
      },
      {
        "name": "BodyType",
        "value": "Raw",
        "param_type": "Param",
        "ui_source": "operation"
      },
      {
        "name": "BodyFormat",
        "value": "XML",
        "param_type": "Param",
        "ui_source": "operation"
      }
    ]
  },
  {
    "operation": "Update Participant Workflow Action Status",
    "description": "",
    "operationId": "UpdateParticipantWorkflowActionStatus",
    "operationApiType": "PUT",
    "operationPath": "participants/workflowactionstatus",
    "operationSummary": "Update Participant Workflow Action Status.",
    "operationDescription": "",
    "deprecated": false,
    "adapterProperties": [
      {
        "name": "AdapterMode",
        "key": "",
        "value": "Solicit Response"
      }
    ],
    "parameters": [
      {
        "name": "ApiKey",
        "value": "",
        "param_type": "Header",
        "required": true,
        "isVisible": true,
        "datatype": "System.String",
        "ui_source": "operation",
        "ui_category": "Misc",
        "ui_displayName": "Api Key"
      },
      {
        "name": "ApiSecret",
        "value": "",
        "param_type": "Header",
        "required": true,
        "isVisible": true,
        "datatype": "System.String",
        "ui_source": "operation",
        "ui_category": "Misc",
        "ui_displayName": "Api Secret"
      },
      {
        "name": "ApiUsername",
        "value": "",
        "param_type": "Header",
        "required": true,
        "isVisible": true,
        "datatype": "System.String",
        "ui_source": "operation",
        "ui_category": "Misc",
        "ui_displayName": "Api Username"
      },
      {
        "name": "ApiPassword",
        "value": "",
        "param_type": "Header",
        "required": true,
        "isVisible": true,
        "datatype": "System.String",
        "ui_source": "operation",
        "ui_category": "Misc",
        "ui_displayName": "Api Password"
      },
      {
        "name": "Body",
        "value": "",
        "param_type": "Param",
        "bindable": true,
        "isVisible": false,
        "required": true,
        "datatype": "System.String",
        "description": "Specify the content of the body to upload.",
        "ui_source": "operation",
        "ui_EditorType": "TextArea",
        "ui_category": "Subscribe Mode Properties",
        "ui_displayName": "Body"
      },
      {
        "name": "BodyType",
        "value": "Raw",
        "param_type": "Param",
        "ui_source": "operation"
      },
      {
        "name": "BodyFormat",
        "value": "XML",
        "param_type": "Param",
        "ui_source": "operation"
      }
    ]
  },
  {
    "operation": "Re-send Participant Email Notification",
    "description": "",
    "operationId": "ResendParticipantEmailNotifications",
    "operationApiType": "POST",
    "operationPath": "participants/emailnotification",
    "operationSummary": "Re-send Participant Email Notification.",
    "operationDescription": "",
    "deprecated": false,
    "adapterProperties": [
      {
        "name": "AdapterMode",
        "key": "",
        "value": "Solicit Response"
      }
    ],
    "parameters": [
      {
        "name": "ApiKey",
        "value": "",
        "param_type": "Header",
        "required": true,
        "isVisible": true,
        "datatype": "System.String",
        "ui_source": "operation",
        "ui_category": "Misc",
        "ui_displayName": "Api Key"
      },
      {
        "name": "ApiSecret",
        "value": "",
        "param_type": "Header",
        "required": true,
        "isVisible": true,
        "datatype": "System.String",
        "ui_source": "operation",
        "ui_category": "Misc",
        "ui_displayName": "Api Secret"
      },
      {
        "name": "ApiUsername",
        "value": "",
        "param_type": "Header",
        "required": true,
        "isVisible": true,
        "datatype": "System.String",
        "ui_source": "operation",
        "ui_category": "Misc",
        "ui_displayName": "Api Username"
      },
      {
        "name": "ApiPassword",
        "value": "",
        "param_type": "Header",
        "required": true,
        "isVisible": true,
        "datatype": "System.String",
        "ui_source": "operation",
        "ui_category": "Misc",
        "ui_displayName": "Api Password"
      },
      {
        "name": "Body",
        "value": "",
        "param_type": "Param",
        "bindable": true,
        "isVisible": false,
        "required": true,
        "datatype": "System.String",
        "description": "Specify the content of the body to upload.",
        "ui_source": "operation",
        "ui_EditorType": "TextArea",
        "ui_category": "Subscribe Mode Properties",
        "ui_displayName": "Body"
      },
      {
        "name": "BodyType",
        "value": "Raw",
        "param_type": "Param",
        "ui_source": "operation"
      },
      {
        "name": "BodyFormat",
        "value": "XML",
        "param_type": "Param",
        "ui_source": "operation"
      }
    ]
  },
  {
    "operation": "Seal PDF",
    "description": "",
    "operationId": "SealPdfs",
    "operationApiType": "POST",
    "operationPath": "pdf/seal",
    "operationSummary": "Seal PDF",
    "operationDescription": "",
    "deprecated": false,
    "adapterProperties": [
      {
        "name": "AdapterMode",
        "key": "",
        "value": "Solicit Response"
      }
    ],
    "parameters": [
      {
        "name": "ApiKey",
        "value": "",
        "param_type": "Header",
        "required": true,
        "isVisible": true,
        "datatype": "System.String",
        "ui_source": "operation",
        "ui_category": "Misc",
        "ui_displayName": "Api Key"
      },
      {
        "name": "ApiSecret",
        "value": "",
        "param_type": "Header",
        "required": true,
        "isVisible": true,
        "datatype": "System.String",
        "ui_source": "operation",
        "ui_category": "Misc",
        "ui_displayName": "Api Secret"
      },
      {
        "name": "ApiUsername",
        "value": "",
        "param_type": "Header",
        "required": true,
        "isVisible": true,
        "datatype": "System.String",
        "ui_source": "operation",
        "ui_category": "Misc",
        "ui_displayName": "Api Username"
      },
      {
        "name": "ApiPassword",
        "value": "",
        "param_type": "Header",
        "required": true,
        "isVisible": true,
        "datatype": "System.String",
        "ui_source": "operation",
        "ui_category": "Misc",
        "ui_displayName": "Api Password"
      },
      {
        "name": "Body",
        "value": "",
        "param_type": "Param",
        "bindable": true,
        "isVisible": false,
        "required": true,
        "datatype": "System.String",
        "description": "Specify the content of the body to upload.",
        "ui_source": "operation",
        "ui_EditorType": "TextArea",
        "ui_category": "Subscribe Mode Properties",
        "ui_displayName": "Body"
      },
      {
        "name": "BodyType",
        "value": "Raw",
        "param_type": "Param",
        "ui_source": "operation"
      },
      {
        "name": "BodyFormat",
        "value": "XML",
        "param_type": "Param",
        "ui_source": "operation"
      }
    ]
  },
  {
    "operation": "Certify PDF",
    "description": "",
    "operationId": "CertifyPdfs",
    "operationApiType": "POST",
    "operationPath": "pdf/certify",
    "operationSummary": "Certify PDF",
    "operationDescription": "",
    "deprecated": false,
    "adapterProperties": [
      {
        "name": "AdapterMode",
        "key": "",
        "value": "Solicit Response"
      }
    ],
    "parameters": [
      {
        "name": "ApiKey",
        "value": "",
        "param_type": "Header",
        "required": true,
        "isVisible": true,
        "datatype": "System.String",
        "ui_source": "operation",
        "ui_category": "Misc",
        "ui_displayName": "Api Key"
      },
      {
        "name": "ApiSecret",
        "value": "",
        "param_type": "Header",
        "required": true,
        "isVisible": true,
        "datatype": "System.String",
        "ui_source": "operation",
        "ui_category": "Misc",
        "ui_displayName": "Api Secret"
      },
      {
        "name": "ApiUsername",
        "value": "",
        "param_type": "Header",
        "required": true,
        "isVisible": true,
        "datatype": "System.String",
        "ui_source": "operation",
        "ui_category": "Misc",
        "ui_displayName": "Api Username"
      },
      {
        "name": "ApiPassword",
        "value": "",
        "param_type": "Header",
        "required": true,
        "isVisible": true,
        "datatype": "System.String",
        "ui_source": "operation",
        "ui_category": "Misc",
        "ui_displayName": "Api Password"
      },
      {
        "name": "Body",
        "value": "",
        "param_type": "Param",
        "bindable": true,
        "isVisible": false,
        "required": true,
        "datatype": "System.String",
        "description": "Specify the content of the body to upload.",
        "ui_source": "operation",
        "ui_EditorType": "TextArea",
        "ui_category": "Subscribe Mode Properties",
        "ui_displayName": "Body"
      },
      {
        "name": "BodyType",
        "value": "Raw",
        "param_type": "Param",
        "ui_source": "operation"
      },
      {
        "name": "BodyFormat",
        "value": "XML",
        "param_type": "Param",
        "ui_source": "operation"
      }
    ]
  },
  {
    "operation": "Get PDF Data Files",
    "description": "",
    "operationId": "GetPdfDataFiles",
    "operationApiType": "POST",
    "operationPath": "pdf/dataFiles",
    "operationSummary": "Get PDF Data Files.",
    "operationDescription": "",
    "deprecated": false,
    "adapterProperties": [
      {
        "name": "AdapterMode",
        "key": "",
        "value": "Solicit Response"
      }
    ],
    "parameters": [
      {
        "name": "ApiKey",
        "value": "",
        "param_type": "Header",
        "required": true,
        "isVisible": true,
        "datatype": "System.String",
        "ui_source": "operation",
        "ui_category": "Misc",
        "ui_displayName": "Api Key"
      },
      {
        "name": "ApiSecret",
        "value": "",
        "param_type": "Header",
        "required": true,
        "isVisible": true,
        "datatype": "System.String",
        "ui_source": "operation",
        "ui_category": "Misc",
        "ui_displayName": "Api Secret"
      },
      {
        "name": "ApiUsername",
        "value": "",
        "param_type": "Header",
        "required": true,
        "isVisible": true,
        "datatype": "System.String",
        "ui_source": "operation",
        "ui_category": "Misc",
        "ui_displayName": "Api Username"
      },
      {
        "name": "ApiPassword",
        "value": "",
        "param_type": "Header",
        "required": true,
        "isVisible": true,
        "datatype": "System.String",
        "ui_source": "operation",
        "ui_category": "Misc",
        "ui_displayName": "Api Password"
      },
      {
        "name": "Body",
        "value": "",
        "param_type": "Param",
        "bindable": true,
        "isVisible": false,
        "required": true,
        "datatype": "System.String",
        "description": "Specify the content of the body to upload.",
        "ui_source": "operation",
        "ui_EditorType": "TextArea",
        "ui_category": "Subscribe Mode Properties",
        "ui_displayName": "Body"
      },
      {
        "name": "BodyType",
        "value": "Raw",
        "param_type": "Param",
        "ui_source": "operation"
      },
      {
        "name": "BodyFormat",
        "value": "XML",
        "param_type": "Param",
        "ui_source": "operation"
      }
    ]
  },
  {
    "operation": "Get Transaction Security Token Data",
    "description": "",
    "operationId": "GetTransactionTokenData",
    "operationApiType": "POST",
    "operationPath": "securitytoken",
    "operationSummary": "Get Transaction Security Token Data.",
    "operationDescription": "",
    "deprecated": false,
    "adapterProperties": [
      {
        "name": "AdapterMode",
        "key": "",
        "value": "Solicit Response"
      }
    ],
    "parameters": [
      {
        "name": "ApiKey",
        "value": "",
        "param_type": "Header",
        "required": true,
        "isVisible": true,
        "datatype": "System.String",
        "ui_source": "operation",
        "ui_category": "Misc",
        "ui_displayName": "Api Key"
      },
      {
        "name": "ApiSecret",
        "value": "",
        "param_type": "Header",
        "required": true,
        "isVisible": true,
        "datatype": "System.String",
        "ui_source": "operation",
        "ui_category": "Misc",
        "ui_displayName": "Api Secret"
      },
      {
        "name": "ApiUsername",
        "value": "",
        "param_type": "Header",
        "required": true,
        "isVisible": true,
        "datatype": "System.String",
        "ui_source": "operation",
        "ui_category": "Misc",
        "ui_displayName": "Api Username"
      },
      {
        "name": "ApiPassword",
        "value": "",
        "param_type": "Header",
        "required": true,
        "isVisible": true,
        "datatype": "System.String",
        "ui_source": "operation",
        "ui_category": "Misc",
        "ui_displayName": "Api Password"
      },
      {
        "name": "Body",
        "value": "",
        "param_type": "Param",
        "bindable": true,
        "isVisible": false,
        "required": true,
        "datatype": "System.String",
        "description": "Specify the content of the body to upload.",
        "ui_source": "operation",
        "ui_EditorType": "TextArea",
        "ui_category": "Subscribe Mode Properties",
        "ui_displayName": "Body"
      },
      {
        "name": "BodyType",
        "value": "Raw",
        "param_type": "Param",
        "ui_source": "operation"
      },
      {
        "name": "BodyFormat",
        "value": "XML",
        "param_type": "Param",
        "ui_source": "operation"
      }
    ]
  },
  {
    "operation": "Get Task",
    "description": "",
    "operationId": "GetTasks",
    "operationApiType": "POST",
    "operationPath": "tasks",
    "operationSummary": "Get Task.",
    "operationDescription": "",
    "deprecated": false,
    "adapterProperties": [
      {
        "name": "AdapterMode",
        "key": "",
        "value": "Solicit Response"
      }
    ],
    "parameters": [
      {
        "name": "ApiKey",
        "value": "",
        "param_type": "Header",
        "required": true,
        "isVisible": true,
        "datatype": "System.String",
        "ui_source": "operation",
        "ui_category": "Misc",
        "ui_displayName": "Api Key"
      },
      {
        "name": "ApiSecret",
        "value": "",
        "param_type": "Header",
        "required": true,
        "isVisible": true,
        "datatype": "System.String",
        "ui_source": "operation",
        "ui_category": "Misc",
        "ui_displayName": "Api Secret"
      },
      {
        "name": "ApiUsername",
        "value": "",
        "param_type": "Header",
        "required": true,
        "isVisible": true,
        "datatype": "System.String",
        "ui_source": "operation",
        "ui_category": "Misc",
        "ui_displayName": "Api Username"
      },
      {
        "name": "ApiPassword",
        "value": "",
        "param_type": "Header",
        "required": true,
        "isVisible": true,
        "datatype": "System.String",
        "ui_source": "operation",
        "ui_category": "Misc",
        "ui_displayName": "Api Password"
      },
      {
        "name": "Body",
        "value": "",
        "param_type": "Param",
        "bindable": true,
        "isVisible": false,
        "required": true,
        "datatype": "System.String",
        "description": "Specify the content of the body to upload.",
        "ui_source": "operation",
        "ui_EditorType": "TextArea",
        "ui_category": "Subscribe Mode Properties",
        "ui_displayName": "Body"
      },
      {
        "name": "BodyType",
        "value": "Raw",
        "param_type": "Param",
        "ui_source": "operation"
      },
      {
        "name": "BodyFormat",
        "value": "XML",
        "param_type": "Param",
        "ui_source": "operation"
      }
    ]
  },
  {
    "operation": "Update Task",
    "description": "",
    "operationId": "UpdateTasks",
    "operationApiType": "PUT",
    "operationPath": "tasks",
    "operationSummary": "Update Task.",
    "operationDescription": "",
    "deprecated": false,
    "adapterProperties": [
      {
        "name": "AdapterMode",
        "key": "",
        "value": "Solicit Response"
      }
    ],
    "parameters": [
      {
        "name": "ApiKey",
        "value": "",
        "param_type": "Header",
        "required": true,
        "isVisible": true,
        "datatype": "System.String",
        "ui_source": "operation",
        "ui_category": "Misc",
        "ui_displayName": "Api Key"
      },
      {
        "name": "ApiSecret",
        "value": "",
        "param_type": "Header",
        "required": true,
        "isVisible": true,
        "datatype": "System.String",
        "ui_source": "operation",
        "ui_category": "Misc",
        "ui_displayName": "Api Secret"
      },
      {
        "name": "ApiUsername",
        "value": "",
        "param_type": "Header",
        "required": true,
        "isVisible": true,
        "datatype": "System.String",
        "ui_source": "operation",
        "ui_category": "Misc",
        "ui_displayName": "Api Username"
      },
      {
        "name": "ApiPassword",
        "value": "",
        "param_type": "Header",
        "required": true,
        "isVisible": true,
        "datatype": "System.String",
        "ui_source": "operation",
        "ui_category": "Misc",
        "ui_displayName": "Api Password"
      },
      {
        "name": "Body",
        "value": "",
        "param_type": "Param",
        "bindable": true,
        "isVisible": false,
        "required": true,
        "datatype": "System.String",
        "description": "Specify the content of the body to upload.",
        "ui_source": "operation",
        "ui_EditorType": "TextArea",
        "ui_category": "Subscribe Mode Properties",
        "ui_displayName": "Body"
      },
      {
        "name": "BodyType",
        "value": "Raw",
        "param_type": "Param",
        "ui_source": "operation"
      },
      {
        "name": "BodyFormat",
        "value": "XML",
        "param_type": "Param",
        "ui_source": "operation"
      }
    ]
  },
  {
    "operation": "Insert a Task",
    "description": "",
    "operationId": "InsertTasks",
    "operationApiType": "POST",
    "operationPath": "tasks/insert",
    "operationSummary": "Insert a Task.",
    "operationDescription": "",
    "deprecated": false,
    "adapterProperties": [
      {
        "name": "AdapterMode",
        "key": "",
        "value": "Solicit Response"
      }
    ],
    "parameters": [
      {
        "name": "ApiKey",
        "value": "",
        "param_type": "Header",
        "required": true,
        "isVisible": true,
        "datatype": "System.String",
        "ui_source": "operation",
        "ui_category": "Misc",
        "ui_displayName": "Api Key"
      },
      {
        "name": "ApiSecret",
        "value": "",
        "param_type": "Header",
        "required": true,
        "isVisible": true,
        "datatype": "System.String",
        "ui_source": "operation",
        "ui_category": "Misc",
        "ui_displayName": "Api Secret"
      },
      {
        "name": "ApiUsername",
        "value": "",
        "param_type": "Header",
        "required": true,
        "isVisible": true,
        "datatype": "System.String",
        "ui_source": "operation",
        "ui_category": "Misc",
        "ui_displayName": "Api Username"
      },
      {
        "name": "ApiPassword",
        "value": "",
        "param_type": "Header",
        "required": true,
        "isVisible": true,
        "datatype": "System.String",
        "ui_source": "operation",
        "ui_category": "Misc",
        "ui_displayName": "Api Password"
      },
      {
        "name": "Body",
        "value": "",
        "param_type": "Param",
        "bindable": true,
        "isVisible": false,
        "required": true,
        "datatype": "System.String",
        "description": "Specify the content of the body to upload.",
        "ui_source": "operation",
        "ui_EditorType": "TextArea",
        "ui_category": "Subscribe Mode Properties",
        "ui_displayName": "Body"
      },
      {
        "name": "BodyType",
        "value": "Raw",
        "param_type": "Param",
        "ui_source": "operation"
      },
      {
        "name": "BodyFormat",
        "value": "XML",
        "param_type": "Param",
        "ui_source": "operation"
      }
    ]
  },
  {
    "operation": "Get Transaction",
    "description": "",
    "operationId": "GetTransactions",
    "operationApiType": "POST",
    "operationPath": "transactions",
    "operationSummary": "Get Transaction.",
    "operationDescription": "",
    "deprecated": false,
    "adapterProperties": [
      {
        "name": "AdapterMode",
        "key": "",
        "value": "Solicit Response"
      }
    ],
    "parameters": [
      {
        "name": "ApiKey",
        "value": "",
        "param_type": "Header",
        "required": true,
        "isVisible": true,
        "datatype": "System.String",
        "ui_source": "operation",
        "ui_category": "Misc",
        "ui_displayName": "Api Key"
      },
      {
        "name": "ApiSecret",
        "value": "",
        "param_type": "Header",
        "required": true,
        "isVisible": true,
        "datatype": "System.String",
        "ui_source": "operation",
        "ui_category": "Misc",
        "ui_displayName": "Api Secret"
      },
      {
        "name": "ApiUsername",
        "value": "",
        "param_type": "Header",
        "required": true,
        "isVisible": true,
        "datatype": "System.String",
        "ui_source": "operation",
        "ui_category": "Misc",
        "ui_displayName": "Api Username"
      },
      {
        "name": "ApiPassword",
        "value": "",
        "param_type": "Header",
        "required": true,
        "isVisible": true,
        "datatype": "System.String",
        "ui_source": "operation",
        "ui_category": "Misc",
        "ui_displayName": "Api Password"
      },
      {
        "name": "Body",
        "value": "",
        "param_type": "Param",
        "bindable": true,
        "isVisible": false,
        "required": true,
        "datatype": "System.String",
        "description": "Specify the content of the body to upload.",
        "ui_source": "operation",
        "ui_EditorType": "TextArea",
        "ui_category": "Subscribe Mode Properties",
        "ui_displayName": "Body"
      },
      {
        "name": "BodyType",
        "value": "Raw",
        "param_type": "Param",
        "ui_source": "operation"
      },
      {
        "name": "BodyFormat",
        "value": "XML",
        "param_type": "Param",
        "ui_source": "operation"
      }
    ]
  },
  {
    "operation": "Update an existing Transaction",
    "description": "",
    "operationId": "UpdateTransactions",
    "operationApiType": "PUT",
    "operationPath": "transactions",
    "operationSummary": "Update an existing Transaction.",
    "operationDescription": "",
    "deprecated": false,
    "adapterProperties": [
      {
        "name": "AdapterMode",
        "key": "",
        "value": "Solicit Response"
      }
    ],
    "parameters": [
      {
        "name": "ApiKey",
        "value": "",
        "param_type": "Header",
        "required": true,
        "isVisible": true,
        "datatype": "System.String",
        "ui_source": "operation",
        "ui_category": "Misc",
        "ui_displayName": "Api Key"
      },
      {
        "name": "ApiSecret",
        "value": "",
        "param_type": "Header",
        "required": true,
        "isVisible": true,
        "datatype": "System.String",
        "ui_source": "operation",
        "ui_category": "Misc",
        "ui_displayName": "Api Secret"
      },
      {
        "name": "ApiUsername",
        "value": "",
        "param_type": "Header",
        "required": true,
        "isVisible": true,
        "datatype": "System.String",
        "ui_source": "operation",
        "ui_category": "Misc",
        "ui_displayName": "Api Username"
      },
      {
        "name": "ApiPassword",
        "value": "",
        "param_type": "Header",
        "required": true,
        "isVisible": true,
        "datatype": "System.String",
        "ui_source": "operation",
        "ui_category": "Misc",
        "ui_displayName": "Api Password"
      },
      {
        "name": "Body",
        "value": "",
        "param_type": "Param",
        "bindable": true,
        "isVisible": false,
        "required": true,
        "datatype": "System.String",
        "description": "Specify the content of the body to upload.",
        "ui_source": "operation",
        "ui_EditorType": "TextArea",
        "ui_category": "Subscribe Mode Properties",
        "ui_displayName": "Body"
      },
      {
        "name": "BodyType",
        "value": "Raw",
        "param_type": "Param",
        "ui_source": "operation"
      },
      {
        "name": "BodyFormat",
        "value": "XML",
        "param_type": "Param",
        "ui_source": "operation"
      }
    ]
  },
  {
    "operation": "Close Transaction",
    "description": "",
    "operationId": "CloseTransactions",
    "operationApiType": "PUT",
    "operationPath": "transactions/close",
    "operationSummary": "Close Transaction",
    "operationDescription": "",
    "deprecated": false,
    "adapterProperties": [
      {
        "name": "AdapterMode",
        "key": "",
        "value": "Solicit Response"
      }
    ],
    "parameters": [
      {
        "name": "ApiKey",
        "value": "",
        "param_type": "Header",
        "required": true,
        "isVisible": true,
        "datatype": "System.String",
        "ui_source": "operation",
        "ui_category": "Misc",
        "ui_displayName": "Api Key"
      },
      {
        "name": "ApiSecret",
        "value": "",
        "param_type": "Header",
        "required": true,
        "isVisible": true,
        "datatype": "System.String",
        "ui_source": "operation",
        "ui_category": "Misc",
        "ui_displayName": "Api Secret"
      },
      {
        "name": "ApiUsername",
        "value": "",
        "param_type": "Header",
        "required": true,
        "isVisible": true,
        "datatype": "System.String",
        "ui_source": "operation",
        "ui_category": "Misc",
        "ui_displayName": "Api Username"
      },
      {
        "name": "ApiPassword",
        "value": "",
        "param_type": "Header",
        "required": true,
        "isVisible": true,
        "datatype": "System.String",
        "ui_source": "operation",
        "ui_category": "Misc",
        "ui_displayName": "Api Password"
      },
      {
        "name": "Body",
        "value": "",
        "param_type": "Param",
        "bindable": true,
        "isVisible": false,
        "required": true,
        "datatype": "System.String",
        "description": "Specify the content of the body to upload.",
        "ui_source": "operation",
        "ui_EditorType": "TextArea",
        "ui_category": "Subscribe Mode Properties",
        "ui_displayName": "Body"
      },
      {
        "name": "BodyType",
        "value": "Raw",
        "param_type": "Param",
        "ui_source": "operation"
      },
      {
        "name": "BodyFormat",
        "value": "XML",
        "param_type": "Param",
        "ui_source": "operation"
      }
    ]
  },
  {
    "operation": "Create Transaction",
    "description": "",
    "operationId": "CreateTransactions",
    "operationApiType": "POST",
    "operationPath": "transactions/create",
    "operationSummary": "Create Transaction.",
    "operationDescription": "",
    "deprecated": false,
    "adapterProperties": [
      {
        "name": "AdapterMode",
        "key": "",
        "value": "Solicit Response"
      }
    ],
    "parameters": [
      {
        "name": "ApiKey",
        "value": "",
        "param_type": "Header",
        "required": true,
        "isVisible": true,
        "datatype": "System.String",
        "ui_source": "operation",
        "ui_category": "Misc",
        "ui_displayName": "Api Key"
      },
      {
        "name": "ApiSecret",
        "value": "",
        "param_type": "Header",
        "required": true,
        "isVisible": true,
        "datatype": "System.String",
        "ui_source": "operation",
        "ui_category": "Misc",
        "ui_displayName": "Api Secret"
      },
      {
        "name": "ApiUsername",
        "value": "",
        "param_type": "Header",
        "required": true,
        "isVisible": true,
        "datatype": "System.String",
        "ui_source": "operation",
        "ui_category": "Misc",
        "ui_displayName": "Api Username"
      },
      {
        "name": "ApiPassword",
        "value": "",
        "param_type": "Header",
        "required": true,
        "isVisible": true,
        "datatype": "System.String",
        "ui_source": "operation",
        "ui_category": "Misc",
        "ui_displayName": "Api Password"
      },
      {
        "name": "Body",
        "value": "",
        "param_type": "Param",
        "bindable": true,
        "isVisible": false,
        "required": true,
        "datatype": "System.String",
        "description": "Specify the content of the body to upload.",
        "ui_source": "operation",
        "ui_EditorType": "TextArea",
        "ui_category": "Subscribe Mode Properties",
        "ui_displayName": "Body"
      },
      {
        "name": "BodyType",
        "value": "Raw",
        "param_type": "Param",
        "ui_source": "operation"
      },
      {
        "name": "BodyFormat",
        "value": "XML",
        "param_type": "Param",
        "ui_source": "operation"
      }
    ]
  },
  {
    "operation": "Delete a User",
    "description": "",
    "operationId": "DeleteUsersAsync",
    "operationApiType": "DELETE",
    "operationPath": "users",
    "operationSummary": "Delete a User.",
    "operationDescription": "",
    "deprecated": false,
    "adapterProperties": [
      {
        "name": "AdapterMode",
        "key": "",
        "value": "Solicit Response"
      }
    ],
    "parameters": [
      {
        "name": "ApiKey",
        "value": "",
        "param_type": "Header",
        "required": true,
        "isVisible": true,
        "datatype": "System.String",
        "ui_source": "operation",
        "ui_category": "Misc",
        "ui_displayName": "Api Key"
      },
      {
        "name": "ApiSecret",
        "value": "",
        "param_type": "Header",
        "required": true,
        "isVisible": true,
        "datatype": "System.String",
        "ui_source": "operation",
        "ui_category": "Misc",
        "ui_displayName": "Api Secret"
      },
      {
        "name": "ApiUsername",
        "value": "",
        "param_type": "Header",
        "required": true,
        "isVisible": true,
        "datatype": "System.String",
        "ui_source": "operation",
        "ui_category": "Misc",
        "ui_displayName": "Api Username"
      },
      {
        "name": "ApiPassword",
        "value": "",
        "param_type": "Header",
        "required": true,
        "isVisible": true,
        "datatype": "System.String",
        "ui_source": "operation",
        "ui_category": "Misc",
        "ui_displayName": "Api Password"
      },
      {
        "name": "Body",
        "value": "",
        "param_type": "Param",
        "bindable": true,
        "isVisible": false,
        "required": true,
        "datatype": "System.String",
        "description": "Specify the content of the body to upload.",
        "ui_source": "operation",
        "ui_EditorType": "TextArea",
        "ui_category": "Subscribe Mode Properties",
        "ui_displayName": "Body"
      },
      {
        "name": "BodyType",
        "value": "Raw",
        "param_type": "Param",
        "ui_source": "operation"
      },
      {
        "name": "BodyFormat",
        "value": "XML",
        "param_type": "Param",
        "ui_source": "operation"
      }
    ]
  },
  {
    "operation": "Get User",
    "description": "",
    "operationId": "GetUsers",
    "operationApiType": "POST",
    "operationPath": "users",
    "operationSummary": "Get User.",
    "operationDescription": "",
    "deprecated": false,
    "adapterProperties": [
      {
        "name": "AdapterMode",
        "key": "",
        "value": "Solicit Response"
      }
    ],
    "parameters": [
      {
        "name": "ApiKey",
        "value": "",
        "param_type": "Header",
        "required": true,
        "isVisible": true,
        "datatype": "System.String",
        "ui_source": "operation",
        "ui_category": "Misc",
        "ui_displayName": "Api Key"
      },
      {
        "name": "ApiSecret",
        "value": "",
        "param_type": "Header",
        "required": true,
        "isVisible": true,
        "datatype": "System.String",
        "ui_source": "operation",
        "ui_category": "Misc",
        "ui_displayName": "Api Secret"
      },
      {
        "name": "ApiUsername",
        "value": "",
        "param_type": "Header",
        "required": true,
        "isVisible": true,
        "datatype": "System.String",
        "ui_source": "operation",
        "ui_category": "Misc",
        "ui_displayName": "Api Username"
      },
      {
        "name": "ApiPassword",
        "value": "",
        "param_type": "Header",
        "required": true,
        "isVisible": true,
        "datatype": "System.String",
        "ui_source": "operation",
        "ui_category": "Misc",
        "ui_displayName": "Api Password"
      },
      {
        "name": "Body",
        "value": "",
        "param_type": "Param",
        "bindable": true,
        "isVisible": false,
        "required": true,
        "datatype": "System.String",
        "description": "Specify the content of the body to upload.",
        "ui_source": "operation",
        "ui_EditorType": "TextArea",
        "ui_category": "Subscribe Mode Properties",
        "ui_displayName": "Body"
      },
      {
        "name": "BodyType",
        "value": "Raw",
        "param_type": "Param",
        "ui_source": "operation"
      },
      {
        "name": "BodyFormat",
        "value": "XML",
        "param_type": "Param",
        "ui_source": "operation"
      }
    ]
  },
  {
    "operation": "Update an existing User",
    "description": "",
    "operationId": "UpdateUsersAsync",
    "operationApiType": "PUT",
    "operationPath": "users",
    "operationSummary": "Update an existing User.",
    "operationDescription": "",
    "deprecated": false,
    "adapterProperties": [
      {
        "name": "AdapterMode",
        "key": "",
        "value": "Solicit Response"
      }
    ],
    "parameters": [
      {
        "name": "ApiKey",
        "value": "",
        "param_type": "Header",
        "required": true,
        "isVisible": true,
        "datatype": "System.String",
        "ui_source": "operation",
        "ui_category": "Misc",
        "ui_displayName": "Api Key"
      },
      {
        "name": "ApiSecret",
        "value": "",
        "param_type": "Header",
        "required": true,
        "isVisible": true,
        "datatype": "System.String",
        "ui_source": "operation",
        "ui_category": "Misc",
        "ui_displayName": "Api Secret"
      },
      {
        "name": "ApiUsername",
        "value": "",
        "param_type": "Header",
        "required": true,
        "isVisible": true,
        "datatype": "System.String",
        "ui_source": "operation",
        "ui_category": "Misc",
        "ui_displayName": "Api Username"
      },
      {
        "name": "ApiPassword",
        "value": "",
        "param_type": "Header",
        "required": true,
        "isVisible": true,
        "datatype": "System.String",
        "ui_source": "operation",
        "ui_category": "Misc",
        "ui_displayName": "Api Password"
      },
      {
        "name": "Body",
        "value": "",
        "param_type": "Param",
        "bindable": true,
        "isVisible": false,
        "required": true,
        "datatype": "System.String",
        "description": "Specify the content of the body to upload.",
        "ui_source": "operation",
        "ui_EditorType": "TextArea",
        "ui_category": "Subscribe Mode Properties",
        "ui_displayName": "Body"
      },
      {
        "name": "BodyType",
        "value": "Raw",
        "param_type": "Param",
        "ui_source": "operation"
      },
      {
        "name": "BodyFormat",
        "value": "XML",
        "param_type": "Param",
        "ui_source": "operation"
      }
    ]
  },
  {
    "operation": "Insert User",
    "description": "",
    "operationId": "InsertUsersAsync",
    "operationApiType": "POST",
    "operationPath": "users/insert",
    "operationSummary": "Insert User.",
    "operationDescription": "",
    "deprecated": false,
    "adapterProperties": [
      {
        "name": "AdapterMode",
        "key": "",
        "value": "Solicit Response"
      }
    ],
    "parameters": [
      {
        "name": "ApiKey",
        "value": "",
        "param_type": "Header",
        "required": true,
        "isVisible": true,
        "datatype": "System.String",
        "ui_source": "operation",
        "ui_category": "Misc",
        "ui_displayName": "Api Key"
      },
      {
        "name": "ApiSecret",
        "value": "",
        "param_type": "Header",
        "required": true,
        "isVisible": true,
        "datatype": "System.String",
        "ui_source": "operation",
        "ui_category": "Misc",
        "ui_displayName": "Api Secret"
      },
      {
        "name": "ApiUsername",
        "value": "",
        "param_type": "Header",
        "required": true,
        "isVisible": true,
        "datatype": "System.String",
        "ui_source": "operation",
        "ui_category": "Misc",
        "ui_displayName": "Api Username"
      },
      {
        "name": "ApiPassword",
        "value": "",
        "param_type": "Header",
        "required": true,
        "isVisible": true,
        "datatype": "System.String",
        "ui_source": "operation",
        "ui_category": "Misc",
        "ui_displayName": "Api Password"
      },
      {
        "name": "Body",
        "value": "",
        "param_type": "Param",
        "bindable": true,
        "isVisible": false,
        "required": true,
        "datatype": "System.String",
        "description": "Specify the content of the body to upload.",
        "ui_source": "operation",
        "ui_EditorType": "TextArea",
        "ui_category": "Subscribe Mode Properties",
        "ui_displayName": "Body"
      },
      {
        "name": "BodyType",
        "value": "Raw",
        "param_type": "Param",
        "ui_source": "operation"
      },
      {
        "name": "BodyFormat",
        "value": "XML",
        "param_type": "Param",
        "ui_source": "operation"
      }
    ]
  },
  {
    "operation": "Get Workflows",
    "description": "",
    "operationId": "GetWorkflows",
    "operationApiType": "POST",
    "operationPath": "workflows",
    "operationSummary": "Get Workflows",
    "operationDescription": "",
    "deprecated": false,
    "adapterProperties": [
      {
        "name": "AdapterMode",
        "key": "",
        "value": "Solicit Response"
      }
    ],
    "parameters": [
      {
        "name": "ApiKey",
        "value": "",
        "param_type": "Header",
        "required": true,
        "isVisible": true,
        "datatype": "System.String",
        "ui_source": "operation",
        "ui_category": "Misc",
        "ui_displayName": "Api Key"
      },
      {
        "name": "ApiSecret",
        "value": "",
        "param_type": "Header",
        "required": true,
        "isVisible": true,
        "datatype": "System.String",
        "ui_source": "operation",
        "ui_category": "Misc",
        "ui_displayName": "Api Secret"
      },
      {
        "name": "ApiUsername",
        "value": "",
        "param_type": "Header",
        "required": true,
        "isVisible": true,
        "datatype": "System.String",
        "ui_source": "operation",
        "ui_category": "Misc",
        "ui_displayName": "Api Username"
      },
      {
        "name": "ApiPassword",
        "value": "",
        "param_type": "Header",
        "required": true,
        "isVisible": true,
        "datatype": "System.String",
        "ui_source": "operation",
        "ui_category": "Misc",
        "ui_displayName": "Api Password"
      },
      {
        "name": "Body",
        "value": "",
        "param_type": "Param",
        "bindable": true,
        "isVisible": false,
        "required": true,
        "datatype": "System.String",
        "description": "Specify the content of the body to upload.",
        "ui_source": "operation",
        "ui_EditorType": "TextArea",
        "ui_category": "Subscribe Mode Properties",
        "ui_displayName": "Body"
      },
      {
        "name": "BodyType",
        "value": "Raw",
        "param_type": "Param",
        "ui_source": "operation"
      },
      {
        "name": "BodyFormat",
        "value": "XML",
        "param_type": "Param",
        "ui_source": "operation"
      }
    ]
  },
  {
    "operation": "Get Workflow List",
    "description": "",
    "operationId": "GetWorkflowList",
    "operationApiType": "POST",
    "operationPath": "workflows/list",
    "operationSummary": "Get Workflow List",
    "operationDescription": "",
    "deprecated": false,
    "adapterProperties": [
      {
        "name": "AdapterMode",
        "key": "",
        "value": "Solicit Response"
      }
    ],
    "parameters": [
      {
        "name": "ApiKey",
        "value": "",
        "param_type": "Header",
        "required": true,
        "isVisible": true,
        "datatype": "System.String",
        "ui_source": "operation",
        "ui_category": "Misc",
        "ui_displayName": "Api Key"
      },
      {
        "name": "ApiSecret",
        "value": "",
        "param_type": "Header",
        "required": true,
        "isVisible": true,
        "datatype": "System.String",
        "ui_source": "operation",
        "ui_category": "Misc",
        "ui_displayName": "Api Secret"
      },
      {
        "name": "ApiUsername",
        "value": "",
        "param_type": "Header",
        "required": true,
        "isVisible": true,
        "datatype": "System.String",
        "ui_source": "operation",
        "ui_category": "Misc",
        "ui_displayName": "Api Username"
      },
      {
        "name": "ApiPassword",
        "value": "",
        "param_type": "Header",
        "required": true,
        "isVisible": true,
        "datatype": "System.String",
        "ui_source": "operation",
        "ui_category": "Misc",
        "ui_displayName": "Api Password"
      },
      {
        "name": "Body",
        "value": "",
        "param_type": "Param",
        "bindable": true,
        "isVisible": false,
        "required": true,
        "datatype": "System.String",
        "description": "Specify the content of the body to upload.",
        "ui_source": "operation",
        "ui_EditorType": "TextArea",
        "ui_category": "Subscribe Mode Properties",
        "ui_displayName": "Body"
      },
      {
        "name": "BodyType",
        "value": "Raw",
        "param_type": "Param",
        "ui_source": "operation"
      },
      {
        "name": "BodyFormat",
        "value": "XML",
        "param_type": "Param",
        "ui_source": "operation"
      }
    ]
  }
]
