[
  {
    "operation": "List Paths",
    "description": "",
    "operationId": "Path_List",
    "operationApiType": "GET",
    "operationPath": "/{filesystem}",
    "operationSummary": "List Paths",
    "operationDescription": "List filesystem paths and their properties.",
    "deprecated": false,
    "adapterProperties": [
      {
        "name": "AdapterMode",
        "key": "",
        "value": "API"
      }
    ],
    "parameters": [
      {
        "name": "resource",
        "value": "filesystem",
        "param_type": "UrlParam",
        "ui_source": "operation"
      },
      {
        "name": "recursive",
        "value": "true",
        "param_type": "UrlParam",
        "ui_source": "operation"
      },
      {
        "name": "{filesystem}",
        "value": "",
        "param_type": "Path",
        "isVisible": true,
        "bindable": true,
        "required": true,
        "datatype": "System.String",
        "ui_source": "operation",
        "ui_category": "Misc"
      }
    ]
  },
  {
    "operation": "List Filesystems",
    "description": "",
    "operationId": "Filesystem_List",
    "operationApiType": "GET",
    "operationPath": "/",
    "operationSummary": "List Filesystems",
    "operationDescription": "List filesystems and their properties in given account.",
    "deprecated": false,
    "adapterProperties": [
      {
        "name": "AdapterMode",
        "key": "",
        "value": "API"
      }
    ],
    "parameters": [
      {
        "name": "resource",
        "value": "account",
        "param_type": "UrlParam",
        "ui_source": "operation"
      }
    ]
  },
  {
    "operation": "Create File",
    "description": "",
    "operationId": "Path_Create",
    "operationApiType": "PUT",
    "operationPath": "/{filesystem}/{path}",
    "operationSummary": "Create File",
    "operationDescription": "Create a file. By default, the destination is overwritten and if the destination already exists and has a lease the lease is broken.",
    "deprecated": false,
    "adapterProperties": [
      {
        "name": "AdapterMode",
        "key": "",
        "value": "API"
      }
    ],
    "parameters": [
      {
        "name": "resource",
        "value": "file",
        "param_type": "UrlParam",
        "ui_source": "operation"
      },
      {
        "name": "x-ms-version",
        "value": "2020-06-12",
        "param_type": "Header",
        "ui_source": "operation"
      },
      {
        "name": "{filesystem}",
        "value": "",
        "param_type": "Path",
        "isVisible": true,
        "bindable": true,
        "required": true,
        "datatype": "System.String",
        "ui_source": "operation",
        "ui_category": "Misc"
      },
      {
        "name": "{path}",
        "value": "",
        "param_type": "Path",
        "isVisible": true,
        "bindable": true,
        "required": true,
        "ui_source": "adapter",
        "ui_EditorType": "DsDialogue",
        "sourceProperty": "ReceiveFolder",
        "ui_category": "Publish Mode Properties"
      }
    ]
  },
  {
    "operation": "Rename File Or Directory",
    "description": "",
    "operationId": "Path_Create",
    "operationApiType": "PUT",
    "operationPath": "/{filesystem}/{path}",
    "operationSummary": "Rename File | Rename Directory",
    "operationDescription": "Rename a file or directory name. By default, the destination is overwritten and if the destination already exists and has a lease the lease is broken.",
    "deprecated": false,
    "adapterProperties": [
      {
        "name": "AdapterMode",
        "key": "",
        "value": "API"
      }
    ],
    "parameters": [
      {
        "name": "x-ms-version",
        "value": "2020-06-12",
        "param_type": "Header",
        "ui_source": "operation"
      },
      {
        "name": "x-ms-rename-source",
        "value": "",
        "param_type": "Header",
        "ui_source": "operation",
        "required": true,
        "isVisible": true,
        "datatype": "System.String",
        "ui_displayName": "Rename File Or Directory Name",
        "ui_category": "Misc"
      },
      {
        "name": "{filesystem}",
        "value": "",
        "param_type": "Path",
        "isVisible": true,
        "bindable": true,
        "required": true,
        "datatype": "System.String",
        "ui_source": "operation",
        "ui_category": "Misc"
      },
      {
        "name": "{path}",
        "value": "",
        "param_type": "Path",
        "isVisible": true,
        "bindable": true,
        "required": true,
        "ui_source": "adapter",
        "ui_EditorType": "DsDialogue",
        "sourceProperty": "ReceiveFolder",
        "ui_category": "Publish Mode Properties"
      }
    ]
  },
  {
    "operation": "Create Directory",
    "description": "",
    "operationId": "Path_Create",
    "operationApiType": "PUT",
    "operationPath": "/{filesystem}/{path}",
    "operationSummary": "Create Directory",
    "operationDescription": "Create a directory. By default, the destination is overwritten and if the destination already exists and has a lease the lease is broken.",
    "deprecated": false,
    "adapterProperties": [
      {
        "name": "AdapterMode",
        "key": "",
        "value": "API"
      }
    ],
    "parameters": [
      {
        "name": "resource",
        "value": "directory",
        "param_type": "UrlParam",
        "ui_source": "operation"
      },
      {
        "name": "x-ms-version",
        "value": "2020-06-12",
        "param_type": "Header",
        "ui_source": "operation"
      },
      {
        "name": "{filesystem}",
        "value": "",
        "param_type": "Path",
        "isVisible": true,
        "bindable": true,
        "required": true,
        "datatype": "System.String",
        "ui_source": "operation",
        "ui_category": "Misc"
      },
      {
        "name": "{path}",
        "value": "",
        "param_type": "Path",
        "isVisible": true,
        "bindable": true,
        "required": true,
        "ui_source": "adapter",
        "ui_EditorType": "DsDialogue",
        "sourceProperty": "ReceiveFolder",
        "ui_category": "Publish Mode Properties"
      }
    ]
  },
  {
    "operation": "Delete File",
    "description": "",
    "operationId": "Path_Delete",
    "operationApiType": "DELETE",
    "operationPath": "/{filesystem}/{path}",
    "operationSummary": "Delete File",
    "operationDescription": "Delete the file from directory",
    "deprecated": false,
    "adapterProperties": [
      {
        "name": "AdapterMode",
        "key": "",
        "value": "API"
      }
    ],
    "parameters": [
      {
        "name": "{filesystem}",
        "value": "",
        "param_type": "Path",
        "isVisible": true,
        "bindable": true,
        "required": true,
        "datatype": "System.String",
        "ui_source": "operation",
        "ui_category": "Misc"
      },
      {
        "name": "{path}",
        "value": "",
        "param_type": "Path",
        "isVisible": true,
        "bindable": true,
        "required": true,
        "ui_source": "adapter",
        "ui_EditorType": "DsDialogue",
        "sourceProperty": "ReceiveFolder",
        "ui_category": "Publish Mode Properties"
      }
    ]
  },
  {
    "operation": "Delete Directory",
    "description": "",
    "operationId": "Path_Delete",
    "operationApiType": "DELETE",
    "operationPath": "/{filesystem}/{path}",
    "operationSummary": "Delete Directory",
    "operationDescription": "Delete the directory recursively.",
    "deprecated": false,
    "adapterProperties": [
      {
        "name": "AdapterMode",
        "key": "",
        "value": "API"
      }
    ],
    "parameters": [
      {
        "name": "{filesystem}",
        "value": "",
        "param_type": "Path",
        "isVisible": true,
        "bindable": true,
        "required": true,
        "datatype": "System.String",
        "ui_source": "operation",
        "ui_category": "Misc"
      },
      {
        "name": "{path}",
        "value": "",
        "param_type": "Path",
        "isVisible": true,
        "bindable": true,
        "required": true,
        "ui_source": "adapter",
        "ui_EditorType": "DsDialogue",
        "sourceProperty": "ReceiveFolder",
        "ui_category": "Publish Mode Properties"
      },
      {
        "name": "recursive",
        "value": "true",
        "param_type": "UrlParam",
        "ui_source": "operation"
      }
    ]
  },
  {
    "operation": "Get Properties",
    "description": "",
    "operationId": "Path_GetProperties",
    "operationApiType": "HEAD",
    "operationPath": "/{filesystem}/{path}",
    "operationSummary": "Get Properties",
    "operationDescription": "Get Properties returns all system and user defined properties for a path.",
    "deprecated": false,
    "adapterProperties": [
      {
        "name": "AdapterMode",
        "key": "",
        "value": "API"
      }
    ],
    "parameters": [
      {
        "name": "{filesystem}",
        "value": "",
        "param_type": "Path",
        "isVisible": true,
        "bindable": true,
        "required": true,
        "datatype": "System.String",
        "ui_source": "operation",
        "ui_category": "Misc"
      },
      {
        "name": "{path}",
        "value": "",
        "param_type": "Path",
        "isVisible": true,
        "bindable": true,
        "required": true,
        "ui_source": "adapter",
        "ui_EditorType": "DsDialogue",
        "sourceProperty": "ReceiveFolder",
        "ui_category": "Publish Mode Properties"
      }
    ]
  },
  {
    "operation": "Get Status",
    "description": "",
    "operationId": "Path_GetProperties",
    "operationApiType": "HEAD",
    "operationPath": "/{filesystem}/{path}",
    "operationSummary": "Get Status",
    "operationDescription": "Get Status returns all system defined properties for a path.",
    "deprecated": false,
    "adapterProperties": [
      {
        "name": "AdapterMode",
        "key": "",
        "value": "API"
      }
    ],
    "parameters": [
      {
        "name": "action",
        "value": "getStatus",
        "param_type": "UrlParam",
        "ui_source": "operation"
      },
      {
        "name": "{filesystem}",
        "value": "",
        "param_type": "Path",
        "isVisible": true,
        "bindable": true,
        "required": true,
        "datatype": "System.String",
        "ui_source": "operation",
        "ui_category": "Misc"
      },
      {
        "name": "{path}",
        "value": "",
        "param_type": "Path",
        "isVisible": true,
        "bindable": true,
        "required": true,
        "ui_source": "adapter",
        "ui_EditorType": "DsDialogue",
        "sourceProperty": "ReceiveFolder",
        "ui_category": "Publish Mode Properties"
      }
    ]
  },
  {
    "operation": "Get Access Control List",
    "description": "",
    "operationId": "Path_GetProperties",
    "operationApiType": "HEAD",
    "operationPath": "/{filesystem}/{path}",
    "operationSummary": "Get Access Control List",
    "operationDescription": "Get Access Control List returns the access control list for a path.",
    "deprecated": false,
    "adapterProperties": [
      {
        "name": "AdapterMode",
        "key": "",
        "value": "API"
      }
    ],
    "parameters": [
      {
        "name": "action",
        "value": "getAccessControl",
        "param_type": "UrlParam",
        "ui_source": "operation"
      },
      {
        "name": "{filesystem}",
        "value": "",
        "param_type": "Path",
        "isVisible": true,
        "bindable": true,
        "required": true,
        "datatype": "System.String",
        "ui_source": "operation",
        "ui_category": "Misc"
      },
      {
        "name": "{path}",
        "value": "",
        "param_type": "Path",
        "isVisible": true,
        "bindable": true,
        "required": true,
        "ui_source": "adapter",
        "ui_EditorType": "DsDialogue",
        "sourceProperty": "ReceiveFolder",
        "ui_category": "Publish Mode Properties"
      }
    ]
  },
  {
    "operation": "Renew Lease Path",
    "description": "",
    "operationId": "Path_Lease",
    "operationApiType": "POST",
    "operationPath": "/{filesystem}/{path}",
    "operationSummary": "Renew Lease Path",
    "operationDescription": "Renew a lease to restrict write and delete access to the path.",
    "deprecated": false,
    "adapterProperties": [
      {
        "name": "AdapterMode",
        "key": "",
        "value": "API"
      }
    ],
    "parameters": [
      {
        "name": "x-ms-lease-action",
        "value": "renew",
        "param_type": "Header",
        "ui_source": "operation"
      },
      {
        "name": "x-ms-lease-id",
        "value": "",
        "param_type": "Header",
        "ui_source": "operation",
        "required": true,
        "isVisible": true,
        "datatype": "System.String",
        "ui_displayName": "Lease Id",
        "ui_category": "Misc"
      },
      {
        "name": "{filesystem}",
        "value": "",
        "param_type": "Path",
        "isVisible": true,
        "bindable": true,
        "required": true,
        "datatype": "System.String",
        "ui_source": "operation",
        "ui_category": "Misc"
      },
      {
        "name": "{path}",
        "value": "",
        "param_type": "Path",
        "isVisible": true,
        "bindable": true,
        "required": true,
        "ui_source": "adapter",
        "ui_EditorType": "DsDialogue",
        "sourceProperty": "ReceiveFolder",
        "ui_category": "Publish Mode Properties"
      }
    ]
  },
  {
    "operation": "Release Lease Path",
    "description": "",
    "operationId": "Path_Lease",
    "operationApiType": "POST",
    "operationPath": "/{filesystem}/{path}",
    "operationSummary": "Release Lease Path",
    "operationDescription": "Release a lease to restrict write and delete access to the path.",
    "deprecated": false,
    "adapterProperties": [
      {
        "name": "AdapterMode",
        "key": "",
        "value": "API"
      }
    ],
    "parameters": [
      {
        "name": "x-ms-lease-action",
        "value": "release",
        "param_type": "Header",
        "ui_source": "operation"
      },
      {
        "name": "x-ms-lease-id",
        "value": "",
        "param_type": "Header",
        "ui_source": "operation",
        "required": true,
        "isVisible": true,
        "datatype": "System.String",
        "ui_displayName": "Lease Id",
        "ui_category": "Misc"
      },
      {
        "name": "{filesystem}",
        "value": "",
        "param_type": "Path",
        "isVisible": true,
        "bindable": true,
        "required": true,
        "datatype": "System.String",
        "ui_source": "operation",
        "ui_category": "Misc"
      },
      {
        "name": "{path}",
        "value": "",
        "param_type": "Path",
        "isVisible": true,
        "bindable": true,
        "required": true,
        "ui_source": "adapter",
        "ui_EditorType": "DsDialogue",
        "sourceProperty": "ReceiveFolder",
        "ui_category": "Publish Mode Properties"
      }
    ]
  },
  {
    "operation": "Change Lease Path",
    "description": "",
    "operationId": "Path_Lease",
    "operationApiType": "POST",
    "operationPath": "/{filesystem}/{path}",
    "operationSummary": "Change Lease Path",
    "operationDescription": "Change a lease to restrict write and delete access to the path.",
    "deprecated": false,
    "adapterProperties": [
      {
        "name": "AdapterMode",
        "key": "",
        "value": "API"
      }
    ],
    "parameters": [
      {
        "name": "x-ms-lease-action",
        "value": "change",
        "param_type": "Header",
        "ui_source": "operation"
      },
      {
        "name": "x-ms-lease-id",
        "value": "",
        "param_type": "Header",
        "ui_source": "operation",
        "required": true,
        "isVisible": true,
        "datatype": "System.String",
        "ui_displayName": "Lease Id",
        "ui_category": "Misc"
      },
      {
        "name": "x-ms-proposed-lease-id",
        "value": "",
        "param_type": "Header",
        "ui_source": "operation",
        "required": true,
        "isVisible": true,
        "datatype": "System.String",
        "ui_displayName": "Proposed Lease Id",
        "ui_category": "Misc"
      },
      {
        "name": "{filesystem}",
        "value": "",
        "param_type": "Path",
        "isVisible": true,
        "bindable": true,
        "required": true,
        "datatype": "System.String",
        "ui_source": "operation",
        "ui_category": "Misc"
      },
      {
        "name": "{path}",
        "value": "",
        "param_type": "Path",
        "isVisible": true,
        "bindable": true,
        "required": true,
        "ui_source": "adapter",
        "ui_EditorType": "DsDialogue",
        "sourceProperty": "ReceiveFolder",
        "ui_category": "Publish Mode Properties"
      }
    ]
  },
  {
    "operation": "Break Lease Path",
    "description": "",
    "operationId": "Path_Lease",
    "operationApiType": "POST",
    "operationPath": "/{filesystem}/{path}",
    "operationSummary": "Break Lease Path",
    "operationDescription": "Break a lease to restrict write and delete access to the path.",
    "deprecated": false,
    "adapterProperties": [
      {
        "name": "AdapterMode",
        "key": "",
        "value": "API"
      }
    ],
    "parameters": [
      {
        "name": "x-ms-lease-action",
        "value": "break",
        "param_type": "Header",
        "ui_source": "operation"
      },
      {
        "name": "{filesystem}",
        "value": "",
        "param_type": "Path",
        "isVisible": true,
        "bindable": true,
        "required": true,
        "datatype": "System.String",
        "ui_source": "operation",
        "ui_category": "Misc"
      },
      {
        "name": "{path}",
        "value": "",
        "param_type": "Path",
        "isVisible": true,
        "bindable": true,
        "required": true,
        "ui_source": "adapter",
        "ui_EditorType": "DsDialogue",
        "sourceProperty": "ReceiveFolder",
        "ui_category": "Publish Mode Properties"
      }
    ]
  },
  {
    "operation": "Append Data",
    "description": "",
    "operationId": "Path_Update",
    "operationApiType": "PATCH",
    "operationPath": "/{filesystem}/{path}",
    "operationSummary": "Append Data",
    "operationDescription": "Uploads data to be appended to a file.",
    "deprecated": false,
    "adapterProperties": [
      {
        "name": "AdapterMode",
        "key": "",
        "value": "API"
      }
    ],
    "parameters": [
      {
        "name": "{filesystem}",
        "value": "",
        "param_type": "Path",
        "isVisible": true,
        "bindable": true,
        "required": true,
        "datatype": "System.String",
        "ui_source": "operation",
        "ui_category": "Misc"
      },
      {
        "name": "{path}",
        "value": "",
        "param_type": "Path",
        "isVisible": true,
        "bindable": true,
        "required": true,
        "ui_source": "adapter",
        "ui_EditorType": "DsDialogue",
        "sourceProperty": "ReceiveFolder",
        "ui_category": "Publish Mode Properties"
      },
      {
        "name": "Body",
        "value": "",
        "param_type": "Param",
        "isVisible": true,
        "bindable": true,
        "required": true,
        "datatype": "System.Byte[]",
        "uiEditor": "FileEditor",
        "ui_source": "operation",
        "ui_EditorType": "FileEditor",
        "ui_category": "Subscribe Mode Properties",
        "ui_displayName": "Body content to append"
      },
      {
        "name": "BodyType",
        "value": "Raw",
        "param_type": "Param",
        "ui_source": "operation"
      },
      {
        "name": "BodyFormat",
        "value": "XML",
        "param_type": "Param",
        "ui_source": "operation"
      },
      {
        "name": "action",
        "value": "append",
        "param_type": "UrlParam",
        "ui_source": "operation"
      },
      {
        "name": "position",
        "value": "",
        "param_type": "UrlParam",
        "ui_source": "operation",
        "required": true,
        "isVisible": true,
        "datatype": "System.String",
        "ui_displayName": "Append From Position",
        "ui_category": "Misc"
      }
    ]
  },
  {
    "operation": "Flush Data",
    "description": "",
    "operationId": "Path_Update",
    "operationApiType": "PATCH",
    "operationPath": "/{filesystem}/{path}",
    "operationSummary": "Flush Data",
    "operationDescription": "Flushes (writes) previously uploaded data to a file.",
    "deprecated": false,
    "adapterProperties": [
      {
        "name": "AdapterMode",
        "key": "",
        "value": "API"
      }
    ],
    "parameters": [
      {
        "name": "{filesystem}",
        "value": "",
        "param_type": "Path",
        "isVisible": true,
        "bindable": true,
        "required": true,
        "datatype": "System.String",
        "ui_source": "operation",
        "ui_category": "Misc"
      },
      {
        "name": "{path}",
        "value": "",
        "param_type": "Path",
        "isVisible": true,
        "bindable": true,
        "required": true,
        "ui_source": "adapter",
        "ui_EditorType": "DsDialogue",
        "sourceProperty": "ReceiveFolder",
        "ui_category": "Publish Mode Properties"
      },
      {
        "name": "Content-Type",
        "value": "application/xml",
        "param_type": "Header",
        "ui_source": "operation"
      },
      {
        "name": "Content-Length",
        "value": "0",
        "param_type": "Header",
        "ui_source": "operation"
      },
      {
        "name": "action",
        "value": "flush",
        "param_type": "UrlParam",
        "ui_source": "operation"
      },
      {
        "name": "position",
        "value": "",
        "param_type": "UrlParam",
        "ui_source": "operation",
        "required": true,
        "isVisible": true,
        "datatype": "System.String",
        "ui_displayName": "Flush From Position",
        "ui_category": "Misc"
      },
      {
        "name": "flush",
        "value": "true",
        "param_type": "UrlParam",
        "ui_source": "operation"
      }
    ]
  },
  {
    "operation": "Set Properties for a file or directory",
    "description": "",
    "operationId": "Path_Update",
    "operationApiType": "PATCH",
    "operationPath": "/{filesystem}/{path}",
    "operationSummary": "Set Properties for a file or directory",
    "operationDescription": "Set Properties for a file or directory",
    "deprecated": false,
    "adapterProperties": [
      {
        "name": "AdapterMode",
        "key": "",
        "value": "API"
      }
    ],
    "parameters": [
      {
        "name": "{filesystem}",
        "value": "",
        "param_type": "Path",
        "isVisible": true,
        "bindable": true,
        "required": true,
        "datatype": "System.String",
        "ui_source": "operation",
        "ui_category": "Misc"
      },
      {
        "name": "{path}",
        "value": "",
        "param_type": "Path",
        "isVisible": true,
        "bindable": true,
        "required": true,
        "ui_source": "adapter",
        "ui_EditorType": "DsDialogue",
        "sourceProperty": "ReceiveFolder",
        "ui_category": "Publish Mode Properties"
      },
      {
        "name": "x-ms-lease-action",
        "value": "acquire",
        "param_type": "Header",
        "ui_source": "operation"
      },
      {
        "name": "x-ms-properties",
        "value": "0",
        "param_type": "Header",
        "ui_source": "operation",
        "isVisible": true,
        "bindable": true,
        "required": true,
        "datatype": "System.String",
        "ui_displayName": "File Properties",
        "ui_category": "Misc"
      },
      {
        "name": "action",
        "value": "setProperties",
        "param_type": "UrlParam",
        "ui_source": "operation"
      },
      {
        "name": "position",
        "value": "",
        "param_type": "UrlParam",
        "ui_source": "operation",
        "required": true,
        "isVisible": true,
        "datatype": "System.String",
        "ui_displayName": "Flush From Position",
        "ui_category": "Misc"
      },
      {
        "name": "flush",
        "value": "false",
        "param_type": "UrlParam",
        "ui_source": "operation"
      }
    ]
  },
  {
    "operation": "Read File",
    "description": "",
    "operationId": "Path_Read",
    "operationApiType": "GET",
    "operationPath": "/{filesystem}/{path}",
    "operationSummary": "Read File",
    "operationDescription": "Read the contents of a file.  For read operations, range requests are supported.",
    "deprecated": false,
    "adapterProperties": [
      {
        "name": "AdapterMode",
        "key": "",
        "value": "API"
      }
    ],
    "parameters": [
      {
        "name": "{filesystem}",
        "value": "",
        "param_type": "Path",
        "isVisible": true,
        "bindable": true,
        "required": true,
        "datatype": "System.String",
        "ui_source": "operation",
        "ui_category": "Misc"
      },
      {
        "name": "{path}",
        "value": "",
        "param_type": "Path",
        "isVisible": true,
        "bindable": true,
        "required": true,
        "ui_source": "adapter",
        "ui_EditorType": "DsDialogue",
        "sourceProperty": "ReceiveFolder",
        "ui_category": "Publish Mode Properties"
      }
    ]
  }
]
