[
  {
    "operation": "Get file information",
    "description": "",
    "operationId": "get_files_id",
    "operationApiType": "GET",
    "operationPath": "/files/{file_id}",
    "operationSummary": "Get file information",
    "operationDescription": "Retrieves the details about a file.",
    "deprecated": false,
    "adapterProperties": [
      {
        "name": "AdapterMode",
        "key": "",
        "value": "API"
      }
    ],
    "parameters": [
      {
        "name": "{file_id}",
        "value": "",
        "isVisible": true,
        "bindable": true,
        "required": true,
        "description": "Specify File ID .",
        "ui_EditorType": "Textbox",
        "param_type": "Path",
        "ui_category": "Subscribe Mode Properties",
        "ui_source": "operation",
        "datatype": "System.String",
        "ui_displayName": "File ID"
      },
      {
        "name": "fields",
        "value": "",
        "isVisible": true,
        "bindable": true,
        "required": false,
        "datatype": "System.String",
        "description": "To request a specific field for a resource that is not returned by default in the standard response, append the field query parameter to your request. ",
        "ui_EditorType": "Textbox",
        "ui_displayName": "Fields",
        "param_type": "UrlParam",
        "ui_category": "Subscribe Mode Properties",
        "ui_source": "operation"
      }
    ]
  },
  {
    "operation": "Restore file",
    "description": "",
    "operationId": "post_files_id",
    "operationApiType": "POST",
    "operationPath": "/files/{file_id}",
    "operationSummary": "Restore file",
    "operationDescription": "Restores a file that has been moved to the trash.\n\nAn optional new parent ID can be provided to restore the file to in case the\noriginal folder has been deleted.",
    "deprecated": false,
    "adapterProperties": [
      {
        "name": "AdapterMode",
        "key": "",
        "value": "API"
      }
    ],
    "parameters": [
      {
        "name": "{file_id}",
        "value": "",
        "isVisible": true,
        "bindable": true,
        "required": true,
        "description": "Specify File ID .",
        "ui_EditorType": "Textbox",
        "param_type": "Path",
        "ui_category": "Subscribe Mode Properties",
        "ui_source": "operation",
        "datatype": "System.String",
        "ui_displayName": "File ID"
      },
      {
        "name": "fields",
        "value": "",
        "isVisible": true,
        "bindable": true,
        "required": false,
        "datatype": "System.String",
        "description": "To request a specific field for a resource that is not returned by default in the standard response, append the field query parameter to your request. ",
        "ui_EditorType": "Textbox",
        "ui_displayName": "Fields",
        "param_type": "UrlParam",
        "ui_category": "Subscribe Mode Properties",
        "ui_source": "operation"
      },
      {
        "name": "Body",
        "value": "",
        "param_type": "Param",
        "isVisible": false,
        "bindable": true,
        "required": true,
        "datatype": "System.String",
        "description": "Specify the content of the Body",
        "ui_source": "operation",
        "ui_EditorType": "TextArea",
        "ui_category": "Subscribe Mode Properties",
        "ui_displayName": "Blob Content"
      },
      {
        "name": "BodyType",
        "value": "Raw",
        "param_type": "Param",
        "ui_source": "operation"
      },
      {
        "name": "BodyFormat",
        "value": "XML",
        "param_type": "Param",
        "ui_source": "operation"
      }
    ]
  },
  {
    "operation": "Update file",
    "description": "",
    "operationId": "put_files_id",
    "operationApiType": "PUT",
    "operationPath": "/files/{file_id}",
    "operationSummary": "Update file",
    "operationDescription": "Updates a file. This can be used to rename or move a file,\ncreate a shared link, or lock a file.",
    "deprecated": false,
    "adapterProperties": [
      {
        "name": "AdapterMode",
        "key": "",
        "value": "API"
      }
    ],
    "parameters": [
      {
        "name": "{file_id}",
        "value": "",
        "isVisible": true,
        "bindable": true,
        "required": true,
        "description": "Specify File ID .",
        "ui_EditorType": "Textbox",
        "param_type": "Path",
        "ui_category": "Subscribe Mode Properties",
        "ui_source": "operation",
        "datatype": "System.String",
        "ui_displayName": "File ID"
      },
      {
        "name": "Body",
        "value": "",
        "param_type": "Param",
        "isVisible": false,
        "bindable": true,
        "required": true,
        "datatype": "System.String",
        "description": "Specify the content of the Body",
        "ui_source": "operation",
        "ui_EditorType": "TextArea",
        "ui_category": "Subscribe Mode Properties",
        "ui_displayName": "Blob Content"
      },
      {
        "name": "BodyType",
        "value": "Raw",
        "param_type": "Param",
        "ui_source": "operation"
      },
      {
        "name": "BodyFormat",
        "value": "XML",
        "param_type": "Param",
        "ui_source": "operation"
      },
      {
        "name": "fields",
        "value": "",
        "isVisible": true,
        "bindable": true,
        "required": false,
        "datatype": "System.String",
        "description": "To request a specific field for a resource that is not returned by default in the standard response, append the field query parameter to your request. ",
        "ui_EditorType": "Textbox",
        "ui_displayName": "Fields",
        "param_type": "UrlParam",
        "ui_category": "Subscribe Mode Properties",
        "ui_source": "operation"
      }
    ]
  },
  {
    "operation": "Delete file",
    "description": "",
    "operationId": "delete_files_id",
    "operationApiType": "DELETE",
    "operationPath": "/files/{file_id}",
    "operationSummary": "Delete file",
    "operationDescription": "Deletes a file, either permanently or by moving it to\nthe trash.\n\nThe the enterprise settings determine whether the item will\nbe permanently deleted from Box or moved to the trash.",
    "deprecated": false,
    "adapterProperties": [
      {
        "name": "AdapterMode",
        "key": "",
        "value": "API"
      }
    ],
    "parameters": [
      {
        "name": "{file_id}",
        "value": "",
        "isVisible": true,
        "bindable": true,
        "required": true,
        "description": "Specify File ID .",
        "ui_EditorType": "Textbox",
        "param_type": "Path",
        "ui_category": "Subscribe Mode Properties",
        "ui_source": "operation",
        "datatype": "System.String",
        "ui_displayName": "File ID"
      }
    ]
  },
  {
    "operation": "Download file",
    "description": "",
    "operationId": "get_files_id_content",
    "operationApiType": "GET",
    "operationPath": "/files/{file_id}/content",
    "operationSummary": "Download file",
    "operationDescription": "Returns the contents of a file in binary format.",
    "deprecated": false,
    "adapterProperties": [
      {
        "name": "AdapterMode",
        "key": "",
        "value": "API"
      }
    ],
    "parameters": [
      {
        "name": "{file_id}",
        "value": "",
        "isVisible": true,
        "bindable": true,
        "required": true,
        "description": "Specify File ID .",
        "ui_EditorType": "Textbox",
        "param_type": "Path",
        "ui_category": "Subscribe Mode Properties",
        "ui_source": "operation",
        "datatype": "System.String",
        "ui_displayName": "File ID"
      },
      {
        "name": "boxapi",
        "value": "",
        "isVisible": true,
        "bindable": true,
        "required": false,
        "datatype": "System.String",
        "description": "This header can be used to access items that have not been explicitly shared with a user.",
        "ui_EditorType": "Textbox",
        "ui_category": "Subscribe Mode Properties",
        "ui_displayName": "Box API",
        "param_type": "Header",
        "ui_source": "operation"
      },
      {
        "name": "range",
        "value": "bytes=0-1024",
        "param_type": "Header",
        "ui_source": "operation"
      }
    ]
  },
  {
    "operation": "Copy file",
    "description": "",
    "operationId": "post_files_id_copy",
    "operationApiType": "POST",
    "operationPath": "/files/{file_id}/copy",
    "operationSummary": "Copy file",
    "operationDescription": "Creates a copy of a file.",
    "deprecated": false,
    "adapterProperties": [
      {
        "name": "AdapterMode",
        "key": "",
        "value": "API"
      }
    ],
    "parameters": [
      {
        "name": "{file_id}",
        "value": "",
        "isVisible": true,
        "bindable": true,
        "required": true,
        "description": "Specify File ID .",
        "ui_EditorType": "Textbox",
        "param_type": "Path",
        "ui_category": "Subscribe Mode Properties",
        "ui_source": "operation",
        "datatype": "System.String",
        "ui_displayName": "File ID"
      },
      {
        "name": "Content-Type",
        "value": "multipart/form-data",
        "param_type": "Header",
        "ui_source": "operation"
      },
      {
        "name": "Body",
        "value": "",
        "param_type": "Param",
        "isVisible": false,
        "bindable": true,
        "required": true,
        "datatype": "System.String",
        "description": "Specify the content of the Body",
        "ui_source": "operation",
        "ui_EditorType": "TextArea",
        "ui_category": "Subscribe Mode Properties",
        "ui_displayName": "Blob Content"
      },
      {
        "name": "BodyType",
        "value": "Raw",
        "param_type": "Param",
        "ui_source": "operation"
      },
      {
        "name": "BodyFormat",
        "value": "XML",
        "param_type": "Param",
        "ui_source": "operation"
      },
      {
        "name": "fields",
        "value": "",
        "isVisible": true,
        "bindable": true,
        "required": false,
        "datatype": "System.String",
        "description": "To request a specific field for a resource that is not returned by default in the standard response, append the field query parameter to your request. ",
        "ui_EditorType": "Textbox",
        "ui_displayName": "Fields",
        "param_type": "UrlParam",
        "ui_category": "Subscribe Mode Properties",
        "ui_source": "operation"
      }
    ]
  },
  {
    "operation": "Get metadata instance on file",
    "description": "",
    "operationId": "get_files_id_metadata_id_id",
    "operationApiType": "GET",
    "operationPath": "/files/{file_id}/metadata/{scope}/{template_key}",
    "operationSummary": "Get metadata instance on file",
    "operationDescription": "Retrieves the instance of a metadata template that has been applied to a\nfile.",
    "deprecated": false,
    "adapterProperties": [
      {
        "name": "AdapterMode",
        "key": "",
        "value": "API"
      }
    ],
    "parameters": [
      {
        "name": "{file_id}",
        "value": "",
        "isVisible": true,
        "bindable": true,
        "required": true,
        "description": "Specify File ID .",
        "ui_EditorType": "Textbox",
        "param_type": "Path",
        "ui_category": "Subscribe Mode Properties",
        "ui_source": "operation",
        "datatype": "System.String",
        "ui_displayName": "File ID"
      },
      {
        "name": "{scope}",
        "value": "",
        "isVisible": true,
        "bindable": true,
        "required": true,
        "description": "Specify File ID .",
        "ui_EditorType": "Textbox",
        "param_type": "Path",
        "ui_category": "Subscribe Mode Properties",
        "ui_source": "operation",
        "datatype": "System.String",
        "ui_displayName": "Scope"
      },
      {
        "name": "{template_key}",
        "value": "",
        "isVisible": true,
        "bindable": true,
        "required": true,
        "description": "Specify File ID .",
        "ui_EditorType": "Textbox",
        "param_type": "Path",
        "ui_category": "Subscribe Mode Properties",
        "ui_source": "operation",
        "datatype": "System.String",
        "ui_displayName": "Template Key"
      },
      {
        "name": "Content-Type",
        "value": "application/json",
        "param_type": "Header",
        "ui_source": "operation"
      }
    ]
  },
  {
    "operation": "Create metadata instance on file",
    "description": "",
    "operationId": "post_files_id_metadata_id_id",
    "operationApiType": "post",
    "operationPath": "/files/{file_id}/metadata/{scope}/{template_key}",
    "operationSummary": "Create metadata instance on file",
    "operationDescription": "Applies an instance of a metadata template to a file.\n\nIn most cases only values that are present in the metadata template\nwill be accepted, except for the `global.properties` template which accepts\nany key-value pair.",
    "deprecated": false,
    "adapterProperties": [
      {
        "name": "AdapterMode",
        "key": "",
        "value": "API"
      }
    ],
    "parameters": [
      {
        "name": "{file_id}",
        "value": "",
        "isVisible": true,
        "bindable": true,
        "required": true,
        "description": "Specify File ID .",
        "ui_EditorType": "Textbox",
        "param_type": "Path",
        "ui_category": "Subscribe Mode Properties",
        "ui_source": "operation",
        "datatype": "System.String",
        "ui_displayName": "File ID"
      },
      {
        "name": "{scope}",
        "value": "",
        "isVisible": true,
        "bindable": true,
        "required": true,
        "description": "Specify File ID .",
        "ui_EditorType": "Textbox",
        "param_type": "Path",
        "ui_category": "Subscribe Mode Properties",
        "ui_source": "operation",
        "datatype": "System.String",
        "ui_displayName": "Scope"
      },
      {
        "name": "{template_key}",
        "value": "",
        "isVisible": true,
        "bindable": true,
        "required": true,
        "description": "Specify File ID .",
        "ui_EditorType": "Textbox",
        "param_type": "Path",
        "ui_category": "Subscribe Mode Properties",
        "ui_source": "operation",
        "datatype": "System.String",
        "ui_displayName": "Template Key"
      },
      {
        "name": "Content-Type",
        "value": "application/json",
        "param_type": "Header",
        "ui_source": "operation"
      },
      {
        "name": "Body",
        "value": "",
        "param_type": "Param",
        "isVisible": false,
        "bindable": true,
        "required": true,
        "datatype": "System.String",
        "description": "Specify the content of the Body",
        "ui_source": "operation",
        "ui_EditorType": "TextArea",
        "ui_category": "Subscribe Mode Properties",
        "ui_displayName": "Blob Content"
      },
      {
        "name": "BodyType",
        "value": "Raw",
        "param_type": "Param",
        "ui_source": "operation"
      },
      {
        "name": "BodyFormat",
        "value": "XML",
        "param_type": "Param",
        "ui_source": "operation"
      }
    ]
  },
  {
    "operation": "Remove metadata instance from file",
    "description": "",
    "operationId": "delete_files_id_metadata_id_id",
    "operationApiType": "DELETE",
    "operationPath": "/files/{file_id}/metadata/{scope}/{template_key}",
    "operationSummary": "Remove metadata instance from file",
    "operationDescription": "Deletes a piece of file metadata.",
    "deprecated": false,
    "adapterProperties": [
      {
        "name": "AdapterMode",
        "key": "",
        "value": "API"
      }
    ],
    "parameters": [
      {
        "name": "{file_id}",
        "value": "",
        "isVisible": true,
        "bindable": true,
        "required": true,
        "description": "Specify File ID .",
        "ui_EditorType": "Textbox",
        "param_type": "Path",
        "ui_category": "Subscribe Mode Properties",
        "ui_source": "operation",
        "datatype": "System.String",
        "ui_displayName": "File ID"
      },
      {
        "name": "{scope}",
        "value": "",
        "isVisible": true,
        "bindable": true,
        "required": true,
        "description": "Specify File ID .",
        "ui_EditorType": "Textbox",
        "param_type": "Path",
        "ui_category": "Subscribe Mode Properties",
        "ui_source": "operation",
        "datatype": "System.String",
        "ui_displayName": "Scope"
      },
      {
        "name": "{template_key}",
        "value": "",
        "isVisible": true,
        "bindable": true,
        "required": true,
        "description": "Specify File ID .",
        "ui_EditorType": "Textbox",
        "param_type": "Path",
        "ui_category": "Subscribe Mode Properties",
        "ui_source": "operation",
        "datatype": "System.String",
        "ui_displayName": "Template Key"
      },
      {
        "name": "Content-Type",
        "value": "application/json",
        "param_type": "Header",
        "ui_source": "operation"
      }
    ]
  },
  {
    "operation": "List items in folder",
    "description": "",
    "operationId": "get_folders_id_items",
    "operationApiType": "GET",
    "operationPath": "/folders/{folder_id}/items",
    "operationSummary": "Copy file request",
    "operationDescription": "Retrieves a page of items in a folder. These items can be files,\nfolders, and web links.\n\nTo request more information about the folder itself, like its size,\nplease use the [Get a folder](#get-folders-id) endpoint instead.",
    "deprecated": false,
    "adapterProperties": [
      {
        "name": "AdapterMode",
        "key": "",
        "value": "API"
      }
    ],
    "parameters": [
      {
        "name": "{folder_id}",
        "value": "",
        "isVisible": true,
        "bindable": true,
        "required": true,
        "description": "Specify File ID .",
        "ui_EditorType": "Textbox",
        "param_type": "Path",
        "ui_category": "Subscribe Mode Properties",
        "ui_source": "operation",
        "datatype": "System.String",
        "ui_displayName": "Folder ID"
      },
      {
        "name": "boxapi",
        "value": "",
        "isVisible": true,
        "bindable": true,
        "required": false,
        "datatype": "System.String",
        "description": "This header can be used to access items that have not been explicitly shared with a user.",
        "ui_EditorType": "Textbox",
        "ui_category": "Subscribe Mode Properties",
        "ui_displayName": "Box API",
        "param_type": "Header",
        "ui_source": "operation"
      },
      {
        "name": "fields",
        "value": "",
        "isVisible": true,
        "bindable": true,
        "required": false,
        "datatype": "System.String",
        "description": "To request a specific field for a resource that is not returned by default in the standard response, append the field query parameter to your request. ",
        "ui_EditorType": "Textbox",
        "ui_displayName": "Fields",
        "param_type": "UrlParam",
        "ui_category": "Subscribe Mode Properties",
        "ui_source": "operation"
      },
      {
        "name": "Content-Type",
        "value": "multipart/form-data",
        "param_type": "Header",
        "ui_source": "operation"
      }
    ]
  },
  {
    "operation": "Find file for shared link",
    "description": "",
    "operationId": "shared_links_files",
    "operationApiType": "GET",
    "operationPath": "/shared_items",
    "operationSummary": "Find file for shared link",
    "operationDescription": "Returns the file represented by a shared link.\n\nA shared file can be represented by a shared link,\nwhich can originate within the current enterprise or within another.\n\nThis endpoint allows an application to retrieve information about a\nshared file when only given a shared link.\n\nThe `shared_link_permission_options` array field can be returned\nby requesting it in the `fields` query parameter.",
    "deprecated": false,
    "adapterProperties": [
      {
        "name": "AdapterMode",
        "key": "",
        "value": "API"
      }
    ],
    "parameters": [
      {
        "name": "boxapi",
        "value": "",
        "isVisible": true,
        "bindable": true,
        "required": true,
        "datatype": "System.String",
        "description": "This header can be used to access items that have not been explicitly shared with a user.",
        "ui_EditorType": "Textbox",
        "ui_category": "Subscribe Mode Properties",
        "ui_displayName": "Box API",
        "param_type": "Header",
        "ui_source": "operation"
      },
      {
        "name": "fields",
        "value": "",
        "isVisible": true,
        "bindable": true,
        "required": false,
        "datatype": "System.String",
        "description": "To request a specific field for a resource that is not returned by default in the standard response, append the field query parameter to your request. ",
        "ui_EditorType": "Textbox",
        "ui_displayName": "Fields",
        "param_type": "UrlParam",
        "ui_category": "Subscribe Mode Properties",
        "ui_source": "operation"
      }
    ]
  },
  {
    "operation": "Get shared link for file",
    "description": "",
    "operationId": "get_files_id#get_shared_link",
    "operationApiType": "GET",
    "operationPath": "/files/{file_id}#get_shared_link",
    "operationSummary": "Get shared link for file",
    "operationDescription": "Gets the information for a shared link on a file.",
    "deprecated": false,
    "adapterProperties": [
      {
        "name": "AdapterMode",
        "key": "",
        "value": "API"
      }
    ],
    "parameters": [
      {
        "name": "{file_id}",
        "value": "",
        "isVisible": true,
        "bindable": true,
        "required": true,
        "description": "Specify File ID .",
        "ui_EditorType": "Textbox",
        "param_type": "Path",
        "ui_category": "Subscribe Mode Properties",
        "ui_source": "operation",
        "datatype": "System.String",
        "ui_displayName": "File ID"
      },
      {
        "name": "Content-Type",
        "value": "multipart/form-data",
        "param_type": "Header",
        "ui_source": "operation"
      },
      {
        "name": "fields",
        "value": "",
        "isVisible": true,
        "bindable": true,
        "required": true,
        "datatype": "System.String",
        "description": "To request a specific field for a resource that is not returned by default in the standard response, append the field query parameter to your request. ",
        "ui_EditorType": "Textbox",
        "ui_displayName": "Fields",
        "param_type": "UrlParam",
        "ui_category": "Subscribe Mode Properties",
        "ui_source": "operation"
      }
    ]
  },
  {
    "operation": "Add shared link to file",
    "description": "",
    "operationId": "put_files_id#add_shared_link",
    "operationApiType": "PUT",
    "operationPath": "/files/{file_id}#add_shared_link",
    "operationSummary": "Add shared link to file",
    "operationDescription": "Adds a shared link to a file.",
    "deprecated": false,
    "adapterProperties": [
      {
        "name": "AdapterMode",
        "key": "",
        "value": "API"
      }
    ],
    "parameters": [
      {
        "name": "{file_id}",
        "value": "",
        "isVisible": true,
        "bindable": true,
        "required": true,
        "description": "Specify File ID .",
        "ui_EditorType": "Textbox",
        "param_type": "Path",
        "ui_category": "Subscribe Mode Properties",
        "ui_source": "operation",
        "datatype": "System.String",
        "ui_displayName": "File ID"
      },
      {
        "name": "Content-Type",
        "value": "multipart/form-data",
        "param_type": "Header",
        "ui_source": "operation"
      },
      {
        "name": "fields",
        "value": "",
        "isVisible": true,
        "bindable": true,
        "required": true,
        "datatype": "System.String",
        "description": "To request a specific field for a resource that is not returned by default in the standard response, append the field query parameter to your request. ",
        "ui_EditorType": "Textbox",
        "ui_displayName": "Fields",
        "param_type": "UrlParam",
        "ui_category": "Subscribe Mode Properties",
        "ui_source": "operation"
      },
      {
        "name": "Body",
        "value": "",
        "param_type": "Param",
        "isVisible": false,
        "bindable": true,
        "required": true,
        "datatype": "System.String",
        "description": "Specify the content of the Body",
        "ui_source": "operation",
        "ui_EditorType": "TextArea",
        "ui_category": "Subscribe Mode Properties",
        "ui_displayName": "Blob Content"
      },
      {
        "name": "BodyType",
        "value": "Raw",
        "param_type": "Param",
        "ui_source": "operation"
      },
      {
        "name": "BodyFormat",
        "value": "XML",
        "param_type": "Param",
        "ui_source": "operation"
      }
    ]
  },
  {
    "operation": "Update shared link on file",
    "description": "",
    "operationId": "put_files_id#update_shared_link",
    "operationApiType": "PUT",
    "operationPath": "/files/{file_id}#update_shared_link",
    "operationSummary": "Update shared link on file",
    "operationDescription": "Updates a shared link on a file.",
    "deprecated": false,
    "adapterProperties": [
      {
        "name": "AdapterMode",
        "key": "",
        "value": "API"
      }
    ],
    "parameters": [
      {
        "name": "{file_id}",
        "value": "",
        "isVisible": true,
        "bindable": true,
        "required": true,
        "description": "Specify File ID .",
        "ui_EditorType": "Textbox",
        "param_type": "Path",
        "ui_category": "Subscribe Mode Properties",
        "ui_source": "operation",
        "datatype": "System.String",
        "ui_displayName": "File ID"
      },
      {
        "name": "Content-Type",
        "value": "multipart/form-data",
        "param_type": "Header",
        "ui_source": "operation"
      },
      {
        "name": "fields",
        "value": "",
        "isVisible": true,
        "bindable": true,
        "required": true,
        "datatype": "System.String",
        "description": "To request a specific field for a resource that is not returned by default in the standard response, append the field query parameter to your request. ",
        "ui_EditorType": "Textbox",
        "ui_displayName": "Fields",
        "param_type": "UrlParam",
        "ui_category": "Subscribe Mode Properties",
        "ui_source": "operation"
      },
      {
        "name": "Body",
        "value": "",
        "param_type": "Param",
        "isVisible": false,
        "bindable": true,
        "required": true,
        "datatype": "System.String",
        "description": "Specify the content of the Body",
        "ui_source": "operation",
        "ui_EditorType": "TextArea",
        "ui_category": "Subscribe Mode Properties",
        "ui_displayName": "Blob Content"
      },
      {
        "name": "BodyType",
        "value": "Raw",
        "param_type": "Param",
        "ui_source": "operation"
      },
      {
        "name": "BodyFormat",
        "value": "XML",
        "param_type": "Param",
        "ui_source": "operation"
      }
    ]
  },
  {
    "operation": "Remove shared link from file",
    "description": "",
    "operationId": "put_files_id#remove_shared_link",
    "operationApiType": "PUT",
    "operationPath": "/files/{file_id}#remove_shared_link",
    "operationSummary": "Remove shared link from file",
    "operationDescription": "Removes a shared link from a file.",
    "deprecated": false,
    "adapterProperties": [
      {
        "name": "AdapterMode",
        "key": "",
        "value": "API"
      }
    ],
    "parameters": [
      {
        "name": "{file_id}",
        "value": "",
        "isVisible": true,
        "bindable": true,
        "required": true,
        "description": "Specify File ID .",
        "ui_EditorType": "Textbox",
        "param_type": "Path",
        "ui_category": "Subscribe Mode Properties",
        "ui_source": "operation",
        "datatype": "System.String",
        "ui_displayName": "File ID"
      },
      {
        "name": "Content-Type",
        "value": "multipart/form-data",
        "param_type": "Header",
        "ui_source": "operation"
      },
      {
        "name": "fields",
        "value": "",
        "isVisible": true,
        "bindable": true,
        "required": true,
        "datatype": "System.String",
        "description": "To request a specific field for a resource that is not returned by default in the standard response, append the field query parameter to your request. ",
        "ui_EditorType": "Textbox",
        "ui_displayName": "Fields",
        "param_type": "UrlParam",
        "ui_category": "Subscribe Mode Properties",
        "ui_source": "operation"
      },
      {
        "name": "Body",
        "value": "",
        "param_type": "Param",
        "isVisible": false,
        "bindable": true,
        "required": true,
        "datatype": "System.String",
        "description": "Specify the content of the Body",
        "ui_source": "operation",
        "ui_EditorType": "TextArea",
        "ui_category": "Subscribe Mode Properties",
        "ui_displayName": "Blob Content"
      },
      {
        "name": "BodyType",
        "value": "Raw",
        "param_type": "Param",
        "ui_source": "operation"
      },
      {
        "name": "BodyFormat",
        "value": "XML",
        "param_type": "Param",
        "ui_source": "operation"
      }
    ]
  }
]
