[
    {
      "operation": "Get All Tickets",
      "description": "",
      "operationId": "get-/crm/v3/objects/tickets_getPage",
      "operationApiType": "GET",
      "operationPath": "/crm/v3/objects/tickets",
      "operationSummary": "Get All Tickets",
      "operationDescription": "Read a page of tickets. Control what is returned via the `properties` query param",
      "deprecated": false,
      "adapterProperties": [
        {
          "name": "AdapterMode",
          "key": "",
          "value": "Subscribe"
        }
      ],
      "parameters": []
    },
    {
      "operation": "Create a Product",
      "description": "",
      "operationId": "post-/crm/v3/objects/products_create",
      "operationApiType": "POST",
      "operationPath": "/crm/v3/objects/products",
      "operationSummary": "Create a Product",
      "operationDescription": "Create a product with the given properties and return a copy of the object, including the ID. Documentation and examples for creating standard products is provided.",
      "deprecated": false,
      "adapterProperties": [
        {
          "name": "AdapterMode",
          "key": "",
          "value": "Subscribe"
        }
      ],
      "parameters": [
        {
          "name": "Body",
          "value": "",
          "param_type": "Param",
          "isVisible": false,
          "bindable": true,
          "required": true,
          "datatype": "System.String",
          "description": "Specify the content of the body to upload.",
          "ui_source": "operation",
          "ui_EditorType": "TextArea",
          "ui_category": "Subscribe Mode Properties",
          "ui_displayName": "Body Content"
        },
        {
          "name": "BodyType",
          "value": "Raw",
          "param_type": "Param",
          "ui_source": "operation"
        },
        {
          "name": "BodyFormat",
          "value": "XML",
          "param_type": "Param",
          "ui_source": "operation"
        },
  
        {
          "name": "Content-Type",
          "value": "multipart/form-data",
          "param_type": "Header",
          "ui_source": "operation"
        }
      ]
    },
    {
      "operation": "Get Ticket",
      "description": "",
      "operationId": "get-/crm/v3/objects/tickets/{ticketId}_getById",
      "operationApiType": "GET",
      "operationPath": "/crm/v3/objects/tickets/{ticket-id}",
      "operationSummary": "Get Ticket",
      "operationDescription": "Read an Object identified by `{ticketId}`. `{ticketId}` refers to the internal object ID by default, or optionally any unique property value as specified by the `idProperty` query param. Control what is returned via the `properties` query param.",
      "deprecated": false,
      "adapterProperties": [
        {
          "name": "AdapterMode",
          "key": "",
          "value": "Subscribe"
        }
      ],
      "parameters": [
        {
          "name": "{ticket-id}",
          "value": "",
          "isVisible": true,
          "bindable": true,
          "required": true,
          "description": "Specify Ticket ID .",
          "ui_EditorType": "Textbox",
          "param_type": "Path",
          "ui_category": "Subscribe Mode Properties",
          "ui_source": "operation",
          "datatype": "System.String",
          "ui_displayName": "Ticket ID"
        }
      ]
    },
    {
      "operation": "Update a Ticket.",
      "description": "",
      "operationId": "patch-/crm/v3/objects/tickets/{ticketId}_update",
      "operationApiType": "patch",
      "operationPath": "/crm/v3/objects/tickets/{ticket-id}",
      "operationSummary": "Update a Ticket.",
      "operationDescription": "Perform a partial update of an Object identified by `{ticketId}`. `{ticketId}` refers to the internal object ID by default, or optionally any unique property value as specified by the `idProperty` query param. Provided property values will be overwritten. Read-only and non-existent properties will be ignored. Properties values can be cleared by passing an empty string.",
      "deprecated": false,
      "adapterProperties": [
        {
          "name": "AdapterMode",
          "key": "",
          "value": "Subscribe"
        }
      ],
      "parameters": [
        {
          "name": "{ticket-id}",
          "value": "",
          "isVisible": true,
          "bindable": true,
          "required": true,
          "description": "Specify Ticket ID .",
          "ui_EditorType": "Textbox",
          "param_type": "Path",
          "ui_category": "Subscribe Mode Properties",
          "ui_source": "operation",
          "datatype": "System.String",
          "ui_displayName": "Ticket ID"
        },
        {
          "name": "Body",
          "value": "",
          "param_type": "Param",
          "isVisible": false,
          "bindable": true,
          "required": true,
          "datatype": "System.String",
          "description": "Specify the content of the body to upload.",
          "ui_source": "operation",
          "ui_EditorType": "TextArea",
          "ui_category": "Subscribe Mode Properties",
          "ui_displayName": "Body Content"
        },
        {
          "name": "BodyType",
          "value": "Raw",
          "param_type": "Param",
          "ui_source": "operation"
        },
        {
          "name": "BodyFormat",
          "value": "XML",
          "param_type": "Param",
          "ui_source": "operation"
        }
      ]
    },
    {
      "operation": "Read a page of contacts",
      "description": "",
      "operationId": "get-/crm/v3/objects/contacts_getPage",
      "operationApiType": "patch",
      "operationPath": "/crm/v3/objects/contacts",
      "operationSummary": "Read a page of contacts",
      "operationDescription": "Read a page of contacts. Control what is returned via the properties query param.",
      "deprecated": false,
      "adapterProperties": [
        {
          "name": "AdapterMode",
          "key": "",
          "value": "Subscribe"
        }
      ],
      "parameters": []
    },
    {
      "operation": "Read a Contact",
      "description": "",
      "operationId": "get-/crm/v3/objects/contacts/{contactId}_getById",
      "operationApiType": "GET",
      "operationPath": "/crm/v3/objects/contacts/{contactId}",
      "operationSummary": "Read a Contact",
      "operationDescription": "Read an Object identified by `{contactId}`. `{contactId}` refers to the internal object ID. Control what is returned via the `properties` query param.",
      "deprecated": false,
      "adapterProperties": [
        {
          "name": "AdapterMode",
          "key": "",
          "value": "Subscribe"
        }
      ],
      "parameters": [
        {
          "name": "{contactId}",
          "value": "",
          "isVisible": true,
          "bindable": true,
          "required": true,
          "description": "Specify Contact ID .",
          "ui_EditorType": "Textbox",
          "param_type": "Path",
          "ui_category": "Subscribe Mode Properties",
          "ui_source": "operation",
          "datatype": "System.String",
          "ui_displayName": "Contact ID"
        }
      ]
    },
    {
      "operation": "Create a contact with the given properties",
      "description": "",
      "operationId": "post-/crm/v3/objects/contacts_create",
      "operationApiType": "POST",
      "operationPath": "/crm/v3/objects/contacts",
      "operationSummary": "Create a contact with the given properties",
      "operationDescription": "Create a contact with the given properties and return a copy of the object, including the ID. Documentation and examples for creating standard contacts is provided.",
      "deprecated": false,
      "adapterProperties": [
        {
          "name": "AdapterMode",
          "key": "",
          "value": "Subscribe"
        }
      ],
      "parameters": [
        {
          "name": "Body",
          "value": "",
          "param_type": "Param",
          "isVisible": false,
          "bindable": true,
          "required": true,
          "datatype": "System.String",
          "description": "Specify the content of the body to upload.",
          "ui_source": "operation",
          "ui_EditorType": "TextArea",
          "ui_category": "Subscribe Mode Properties",
          "ui_displayName": "Body Content"
        },
        {
          "name": "BodyType",
          "value": "Raw",
          "param_type": "Param",
          "ui_source": "operation"
        },
        {
          "name": "BodyFormat",
          "value": "XML",
          "param_type": "Param",
          "ui_source": "operation"
        }
      ]
    },
    {
      "operation": "Update a Contact",
      "description": "",
      "operationId": "patch-/crm/v3/objects/contacts/{contactId}_update",
      "operationApiType": "patch",
      "operationPath": "/crm/v3/objects/contacts/{contactId}",
      "operationSummary": "Update a Contact",
      "operationDescription": "Perform a partial update of an Object identified by `{contactId}`. `{contactId}` refers to the internal object ID. Provided property values will be overwritten. Read-only and non-existent properties will be ignored. Properties values can be cleared by passing an empty string.",
      "deprecated": false,
      "adapterProperties": [
        {
          "name": "AdapterMode",
          "key": "",
          "value": "Subscribe"
        }
      ],
      "parameters": [
        {
          "name": "{contactId}",
          "value": "",
          "isVisible": true,
          "bindable": true,
          "required": true,
          "description": "Specify Contact ID .",
          "ui_EditorType": "Textbox",
          "param_type": "Path",
          "ui_category": "Subscribe Mode Properties",
          "ui_source": "operation",
          "datatype": "System.String",
          "ui_displayName": "Contact ID"
        },
        {
          "name": "Body",
          "value": "",
          "param_type": "Param",
          "isVisible": false,
          "bindable": true,
          "required": true,
          "datatype": "System.String",
          "description": "Specify the content of the body to upload.",
          "ui_source": "operation",
          "ui_EditorType": "TextArea",
          "ui_category": "Subscribe Mode Properties",
          "ui_displayName": "Body Content"
        },
        {
          "name": "BodyType",
          "value": "Raw",
          "param_type": "Param",
          "ui_source": "operation"
        },
        {
          "name": "BodyFormat",
          "value": "XML",
          "param_type": "Param",
          "ui_source": "operation"
        }
      ]
    },
    {
      "operation": "Archive a Contact",
      "description": "",
      "operationId": "delete-/crm/v3/objects/contacts/{contactId}_archive",
      "operationApiType": "delete",
      "operationPath": "/crm/v3/objects/contacts/{contactId}",
      "operationSummary": "Archive a Contact",
      "operationDescription": "Move an Object identified by `{contactId}` to the recycling bin.",
      "deprecated": false,
      "adapterProperties": [
        {
          "name": "AdapterMode",
          "key": "",
          "value": "Subscribe"
        }
      ],
      "parameters": [
        {
          "name": "{contactId}",
          "value": "",
          "isVisible": true,
          "bindable": true,
          "required": true,
          "description": "Specify Contact ID .",
          "ui_EditorType": "Textbox",
          "param_type": "Path",
          "ui_category": "Subscribe Mode Properties",
          "ui_source": "operation",
          "datatype": "System.String",
          "ui_displayName": "Contact ID"
        },
        {
          "name": "Body",
          "value": "",
          "param_type": "Param",
          "isVisible": false,
          "bindable": true,
          "required": true,
          "datatype": "System.String",
          "description": "Specify the content of the body to upload.",
          "ui_source": "operation",
          "ui_EditorType": "TextArea",
          "ui_category": "Subscribe Mode Properties",
          "ui_displayName": "Body Content"
        },
        {
          "name": "BodyType",
          "value": "Raw",
          "param_type": "Param",
          "ui_source": "operation"
        },
        {
          "name": "BodyFormat",
          "value": "XML",
          "param_type": "Param",
          "ui_source": "operation"
        }
      ]
    }
  ]
  