[
  {
    "operation": "Get Vaults Accessible by Current User",
    "description": "",
    "operationId": "get_vaults_accessible_by_current_user",
    "operationApiType": "GET",
    "operationPath": "/session/vaults",
    "operationSummary": "Get Vaults Accessible by Current User",
    "operationDescription": "Retrieves a list of vaults that are accessible by the current user.",
    "deprecated": false,
    "adapterProperties": [
      {
        "name": "AdapterMode",
        "key": "",
        "value": "API"
      }
    ],
    "parameters": [
      {
        "name": "APIVaultName",
        "value": "",
        "param_type": "Path",
        "isVisible": true,
        "bindable": true,
        "required": true,
        "ui_source": "adapter",
        "sourceProperty": "APIVaultName",
        "ui_category": "Publish Mode Properties",
        "typeConverter": "VaultListConverter",
        "ui_displayName": "Vault"
      }
    ]
  },
  {
    "operation": "Get Current Vault",
    "description": "",
    "operationId": "get_current_vault",
    "operationApiType": "GET",
    "operationPath": "/session/vault",
    "operationSummary": "Get Current Vault",
    "operationDescription": "Fetch the document vault attached to the current session.",
    "deprecated": false,
    "adapterProperties": [
      {
        "name": "AdapterMode",
        "key": "",
        "value": "API"
      }
    ],
    "parameters": [
      {
        "name": "APIVaultName",
        "value": "",
        "param_type": "Path",
        "isVisible": true,
        "bindable": true,
        "required": true,
        "ui_source": "adapter",
        "sourceProperty": "APIVaultName",
        "ui_category": "Publish Mode Properties",
        "typeConverter": "VaultListConverter",
        "ui_displayName": "Vault"
      }
    ]
  },
  {
    "operation": "Get Vaults",
    "description": "",
    "operationId": "get_vaults",
    "operationApiType": "GET",
    "operationPath": "/server/vaults",
    "operationSummary": "Get Vaults",
    "operationDescription": "Retrieves the vaults that are on-line and available for the user on the server.",
    "deprecated": false,
    "adapterProperties": [
      {
        "name": "AdapterMode",
        "key": "",
        "value": "API"
      }
    ],
    "parameters": [
      {
        "name": "APIVaultName",
        "value": "",
        "param_type": "Path",
        "isVisible": true,
        "bindable": true,
        "required": true,
        "ui_source": "adapter",
        "sourceProperty": "APIVaultName",
        "ui_category": "Publish Mode Properties",
        "typeConverter": "VaultListConverter",
        "ui_displayName": "Vault"
      }
    ]
  },
  {
    "operation": "Get Object Classes",
    "description": "",
    "operationId": "get_object_classes",
    "operationApiType": "GET",
    "operationPath": "/structure/classes",
    "operationSummary": "Get Object Classes",
    "operationDescription": "Retrieves information on all object classes.",
    "deprecated": false,
    "adapterProperties": [
      {
        "name": "AdapterMode",
        "key": "",
        "value": "API"
      }
    ],
    "parameters": [
      {
        "name": "APIVaultName",
        "value": "",
        "param_type": "Path",
        "isVisible": true,
        "bindable": true,
        "required": true,
        "ui_source": "adapter",
        "sourceProperty": "APIVaultName",
        "ui_category": "Publish Mode Properties",
        "typeConverter": "VaultListConverter",
        "ui_displayName": "Vault"
      }
    ]
  },
  {
    "operation": "Get Object Class",
    "description": "",
    "operationId": "get_object_class",
    "operationApiType": "GET",
    "operationPath": "/structure/classes/{classId}",
    "operationSummary": "Get Object Class",
    "operationDescription": "Retrieves information on an object class.",
    "deprecated": false,
    "adapterProperties": [
      {
        "name": "AdapterMode",
        "key": "",
        "value": "API"
      }
    ],
    "parameters": [
      {
        "name": "{classId}",
        "value": "",
        "param_type": "Path",
        "isVisible": true,
        "bindable": true,
        "required": true,
        "datatype": "System.String",
        "ui_source": "operation",
        "ui_category": "Misc"
      },
      {
        "name": "APIVaultName",
        "value": "",
        "param_type": "Path",
        "isVisible": true,
        "bindable": true,
        "required": true,
        "ui_source": "adapter",
        "sourceProperty": "APIVaultName",
        "ui_category": "Publish Mode Properties",
        "typeConverter": "VaultListConverter",
        "ui_displayName": "Vault"
      }
    ]
  },
  {
    "operation": "Get Class Icon",
    "description": "",
    "operationId": "get_class_icon",
    "operationApiType": "GET",
    "operationPath": "/structure/classes/{classId}/icon",
    "operationSummary": "Get Class Icon",
    "operationDescription": "Retrieves the icon for a single class.",
    "deprecated": false,
    "adapterProperties": [
      {
        "name": "AdapterMode",
        "key": "",
        "value": "API"
      }
    ],
    "parameters": [
      {
        "name": "{classId}",
        "value": "",
        "param_type": "Path",
        "isVisible": true,
        "bindable": true,
        "required": true,
        "datatype": "System.String",
        "ui_source": "operation",
        "ui_category": "Misc"
      },
      {
        "name": "APIVaultName",
        "value": "",
        "param_type": "Path",
        "isVisible": true,
        "bindable": true,
        "required": true,
        "ui_source": "adapter",
        "sourceProperty": "APIVaultName",
        "ui_category": "Publish Mode Properties",
        "typeConverter": "VaultListConverter",
        "ui_displayName": "Vault"
      }
    ]
  },
  {
    "operation": "Get Object Types",
    "description": "",
    "operationId": "get_object_types",
    "operationApiType": "GET",
    "operationPath": "/structure/objecttypes",
    "operationSummary": "Get Object Types",
    "operationDescription": "Retrieves information on real object types.",
    "deprecated": false,
    "adapterProperties": [
      {
        "name": "AdapterMode",
        "key": "",
        "value": "API"
      }
    ],
    "parameters": [
      {
        "name": "APIVaultName",
        "value": "",
        "param_type": "Path",
        "isVisible": true,
        "bindable": true,
        "required": true,
        "ui_source": "adapter",
        "sourceProperty": "APIVaultName",
        "ui_category": "Publish Mode Properties",
        "typeConverter": "VaultListConverter",
        "ui_displayName": "Vault"
      }
    ]
  },
  {
    "operation": "Get Object Type",
    "description": "",
    "operationId": "get_object_type",
    "operationApiType": "GET",
    "operationPath": "/structure/objecttypes/{objectTypeId}",
    "operationSummary": "Get Object Type",
    "operationDescription": "Retrieves information on an object type.",
    "deprecated": false,
    "adapterProperties": [
      {
        "name": "AdapterMode",
        "key": "",
        "value": "API"
      }
    ],
    "parameters": [
      {
        "name": "{objectTypeId}",
        "value": "",
        "param_type": "Path",
        "isVisible": true,
        "bindable": true,
        "required": true,
        "datatype": "System.String",
        "ui_source": "operation",
        "ui_category": "Misc"
      },
      {
        "name": "APIVaultName",
        "value": "",
        "param_type": "Path",
        "isVisible": true,
        "bindable": true,
        "required": true,
        "ui_source": "adapter",
        "sourceProperty": "APIVaultName",
        "ui_category": "Publish Mode Properties",
        "typeConverter": "VaultListConverter",
        "ui_displayName": "Vault"
      }
    ]
  },
  {
    "operation": "Get Object Type Classes",
    "description": "",
    "operationId": "get_object_type_classes",
    "operationApiType": "GET",
    "operationPath": "/structure/objecttypes/{objectTypeId}/classes",
    "operationSummary": "Get Object Type Classes",
    "operationDescription": "Retrieves a collection of object classes for the provided object type.",
    "deprecated": false,
    "adapterProperties": [
      {
        "name": "AdapterMode",
        "key": "",
        "value": "API"
      }
    ],
    "parameters": [
      {
        "name": "{objectTypeId}",
        "value": "",
        "param_type": "Path",
        "isVisible": true,
        "bindable": true,
        "required": true,
        "datatype": "System.String",
        "ui_source": "operation",
        "ui_category": "Misc"
      },
      {
        "name": "APIVaultName",
        "value": "",
        "param_type": "Path",
        "isVisible": true,
        "bindable": true,
        "required": true,
        "ui_source": "adapter",
        "sourceProperty": "APIVaultName",
        "ui_category": "Publish Mode Properties",
        "typeConverter": "VaultListConverter",
        "ui_displayName": "Vault"
      }
    ]
  },
  {
    "operation": "Get Value Lists",
    "description": "",
    "operationId": "get_value_lists",
    "operationApiType": "GET",
    "operationPath": "/valuelists",
    "operationSummary": "Get Value Lists",
    "operationDescription": "Retrieves information on all value lists.",
    "deprecated": false,
    "adapterProperties": [
      {
        "name": "AdapterMode",
        "key": "",
        "value": "API"
      }
    ],
    "parameters": [
      {
        "name": "APIVaultName",
        "value": "",
        "param_type": "Path",
        "isVisible": true,
        "bindable": true,
        "required": true,
        "ui_source": "adapter",
        "sourceProperty": "APIVaultName",
        "ui_category": "Publish Mode Properties",
        "typeConverter": "VaultListConverter",
        "ui_displayName": "Vault"
      }
    ]
  },
  {
    "operation": "Get Value List",
    "description": "",
    "operationId": "get_value_list",
    "operationApiType": "GET",
    "operationPath": "/valuelists/{id}",
    "operationSummary": "Get Value List",
    "operationDescription": "Retrieves information on a single value list.",
    "deprecated": false,
    "adapterProperties": [
      {
        "name": "AdapterMode",
        "key": "",
        "value": "API"
      }
    ],
    "parameters": [
      {
        "name": "{id}",
        "value": "",
        "param_type": "Path",
        "isVisible": true,
        "bindable": true,
        "required": true,
        "datatype": "System.String",
        "ui_source": "operation",
        "ui_category": "Misc"
      },
      {
        "name": "APIVaultName",
        "value": "",
        "param_type": "Path",
        "isVisible": true,
        "bindable": true,
        "required": true,
        "ui_source": "adapter",
        "sourceProperty": "APIVaultName",
        "ui_category": "Publish Mode Properties",
        "typeConverter": "VaultListConverter",
        "ui_displayName": "Vault"
      }
    ]
  },
  {
    "operation": "Get Value List Items",
    "description": "",
    "operationId": "get_value_list_items",
    "operationApiType": "GET",
    "operationPath": "/valuelists/{id}/items",
    "operationSummary": "Get Value List Items",
    "operationDescription": "Retrieves information on a single value list.",
    "deprecated": false,
    "adapterProperties": [
      {
        "name": "AdapterMode",
        "key": "",
        "value": "API"
      }
    ],
    "parameters": [
      {
        "name": "{id}",
        "value": "",
        "param_type": "Path",
        "isVisible": true,
        "bindable": true,
        "required": true,
        "datatype": "System.String",
        "ui_source": "operation",
        "ui_category": "Misc"
      },
      {
        "name": "APIVaultName",
        "value": "",
        "param_type": "Path",
        "isVisible": true,
        "bindable": true,
        "required": true,
        "ui_source": "adapter",
        "sourceProperty": "APIVaultName",
        "ui_category": "Publish Mode Properties",
        "typeConverter": "VaultListConverter",
        "ui_displayName": "Vault"
      }
    ]
  },
  {
    "operation": "Create Value List Item",
    "description": "",
    "operationId": "create_value_list_item",
    "operationApiType": "POST",
    "operationPath": "/valuelists/{id}/items",
    "operationSummary": "Create Value List Item",
    "operationDescription": "Creates a new value list item in the value list.",
    "deprecated": false,
    "adapterProperties": [
      {
        "name": "AdapterMode",
        "key": "",
        "value": "API"
      }
    ],
    "parameters": [
      {
        "name": "{id}",
        "value": "",
        "param_type": "Path",
        "isVisible": true,
        "bindable": true,
        "required": true,
        "datatype": "System.String",
        "ui_source": "operation",
        "ui_category": "Misc"
      },
      {
        "name": "Body",
        "value": "",
        "param_type": "Param",
        "bindable": true,
        "isVisible": false,
        "required": true,
        "datatype": "System.String",
        "description": "Specify the content of the body to upload.",
        "ui_source": "operation",
        "ui_EditorType": "TextArea",
        "ui_category": "Publish Mode Properties",
        "ui_displayName": "Body"
      },
      {
        "name": "BodyType",
        "value": "Raw",
        "param_type": "Param",
        "ui_source": "operation"
      },
      {
        "name": "BodyFormat",
        "value": "XML",
        "param_type": "Param",
        "ui_source": "operation"
      },
      {
        "name": "APIVaultName",
        "value": "",
        "param_type": "Path",
        "isVisible": true,
        "bindable": true,
        "required": true,
        "ui_source": "adapter",
        "sourceProperty": "APIVaultName",
        "ui_category": "Publish Mode Properties",
        "typeConverter": "VaultListConverter",
        "ui_displayName": "Vault"
      }
    ]
  },
  {
    "operation": "Get Value List Item",
    "description": "",
    "operationId": "get_value_list_item",
    "operationApiType": "GET",
    "operationPath": "/valuelists/{id}/items/{objectId}",
    "operationSummary": "Get Value List Item",
    "operationDescription": "Retrieves a single value list item information.",
    "deprecated": false,
    "adapterProperties": [
      {
        "name": "AdapterMode",
        "key": "",
        "value": "API"
      }
    ],
    "parameters": [
      {
        "name": "{id}",
        "value": "",
        "param_type": "Path",
        "isVisible": true,
        "bindable": true,
        "required": true,
        "datatype": "System.String",
        "ui_source": "operation",
        "ui_category": "Misc"
      },
      {
        "name": "{objectId}",
        "value": "",
        "param_type": "Path",
        "isVisible": true,
        "bindable": true,
        "required": true,
        "datatype": "System.String",
        "ui_source": "operation",
        "ui_category": "Misc"
      },
      {
        "name": "APIVaultName",
        "value": "",
        "param_type": "Path",
        "isVisible": true,
        "bindable": true,
        "required": true,
        "ui_source": "adapter",
        "sourceProperty": "APIVaultName",
        "ui_category": "Publish Mode Properties",
        "typeConverter": "VaultListConverter",
        "ui_displayName": "Vault"
      }
    ]
  },
  {
    "operation": "Deletes a value list item",
    "description": "",
    "operationId": "delete_value_list_item",
    "operationApiType": "DELETE",
    "operationPath": "/valuelists/{id}/items/{objectId}",
    "operationSummary": "Delete Value List Item",
    "operationDescription": "Deletes a value list item.",
    "deprecated": false,
    "adapterProperties": [
      {
        "name": "AdapterMode",
        "key": "",
        "value": "API"
      }
    ],
    "parameters": [
      {
        "name": "{id}",
        "value": "",
        "param_type": "Path",
        "isVisible": true,
        "bindable": true,
        "required": true,
        "datatype": "System.String",
        "ui_source": "operation",
        "ui_category": "Misc"
      },
      {
        "name": "{objectId}",
        "value": "",
        "param_type": "Path",
        "isVisible": true,
        "bindable": true,
        "required": true,
        "datatype": "System.String",
        "ui_source": "operation",
        "ui_category": "Misc"
      },
      {
        "name": "APIVaultName",
        "value": "",
        "param_type": "Path",
        "isVisible": true,
        "bindable": true,
        "required": true,
        "ui_source": "adapter",
        "sourceProperty": "APIVaultName",
        "ui_category": "Publish Mode Properties",
        "typeConverter": "VaultListConverter",
        "ui_displayName": "Vault"
      }
    ]
  },
  {
    "operation": "Get Value List Item Title",
    "description": "",
    "operationId": "get_value_list_item_title",
    "operationApiType": "GET",
    "operationPath": "/valuelists/{id}/items/{objectId}/title",
    "operationSummary": "Get Value List Item Title",
    "operationDescription": "Retrieves the value list item title.",
    "deprecated": false,
    "adapterProperties": [
      {
        "name": "AdapterMode",
        "key": "",
        "value": "API"
      }
    ],
    "parameters": [
      {
        "name": "{id}",
        "value": "",
        "param_type": "Path",
        "isVisible": true,
        "bindable": true,
        "required": true,
        "datatype": "System.String",
        "ui_source": "operation",
        "ui_category": "Misc"
      },
      {
        "name": "{objectId}",
        "value": "",
        "param_type": "Path",
        "isVisible": true,
        "bindable": true,
        "required": true,
        "datatype": "System.String",
        "ui_source": "operation",
        "ui_category": "Misc"
      },
      {
        "name": "APIVaultName",
        "value": "",
        "param_type": "Path",
        "isVisible": true,
        "bindable": true,
        "required": true,
        "ui_source": "adapter",
        "sourceProperty": "APIVaultName",
        "ui_category": "Publish Mode Properties",
        "typeConverter": "VaultListConverter",
        "ui_displayName": "Vault"
      }
    ]
  },
  {
    "operation": "Get Collection of Objects in the Document Vault",
    "description": "",
    "operationId": "get_collection_of_objects_in_the_document_vault",
    "operationApiType": "GET",
    "operationPath": "/objects",
    "operationSummary": "Get Collection of Objects in the Document Vault",
    "operationDescription": "Retrieves objects. The amount of returned objects is limited by the server, by default to 500 items.",
    "deprecated": false,
    "adapterProperties": [
      {
        "name": "AdapterMode",
        "key": "",
        "value": "API"
      }
    ],
    "parameters": [
      {
        "name": "APIVaultName",
        "value": "",
        "param_type": "Path",
        "isVisible": true,
        "bindable": true,
        "required": true,
        "ui_source": "adapter",
        "sourceProperty": "APIVaultName",
        "ui_category": "Publish Mode Properties",
        "typeConverter": "VaultListConverter",
        "ui_displayName": "Vault"
      }
    ]
  },
  {
    "operation": "Get Collection of Objects Filtered by Object Type",
    "description": "",
    "operationId": "get_collection_of_objects_filtered_by_object_type",
    "operationApiType": "GET",
    "operationPath": "/objects/{objType}",
    "operationSummary": "Get Collection of Objects Filtered by Object Type",
    "operationDescription": "Retrieves objects of the given type. The amount of returned objects is limited by the server.",
    "deprecated": false,
    "adapterProperties": [
      {
        "name": "AdapterMode",
        "key": "",
        "value": "API"
      }
    ],
    "parameters": [
      {
        "name": "{objType}",
        "value": "",
        "param_type": "Path",
        "isVisible": true,
        "bindable": true,
        "required": true,
        "datatype": "System.String",
        "ui_source": "operation",
        "ui_category": "Misc"
      },
      {
        "name": "APIVaultName",
        "value": "",
        "param_type": "Path",
        "isVisible": true,
        "bindable": true,
        "required": true,
        "ui_source": "adapter",
        "sourceProperty": "APIVaultName",
        "ui_category": "Publish Mode Properties",
        "typeConverter": "VaultListConverter",
        "ui_displayName": "Vault"
      }
    ]
  },
  {
    "operation": "Get a Single Object",
    "description": "",
    "operationId": "get_a_single_object",
    "operationApiType": "GET",
    "operationPath": "/objects/{objType}/{objId}",
    "operationSummary": "Get a Single Object",
    "operationDescription": "Retrieves objects of the given type. The amount of returned objects is limited by the server.",
    "deprecated": false,
    "adapterProperties": [
      {
        "name": "AdapterMode",
        "key": "",
        "value": "API"
      }
    ],
    "parameters": [
      {
        "name": "{objType}",
        "value": "",
        "param_type": "Path",
        "isVisible": true,
        "bindable": true,
        "required": true,
        "datatype": "System.String",
        "ui_source": "operation",
        "ui_category": "Misc"
      },
      {
        "name": "{objId}",
        "value": "",
        "param_type": "Path",
        "isVisible": true,
        "bindable": true,
        "required": true,
        "datatype": "System.String",
        "ui_source": "operation",
        "ui_category": "Misc"
      },
      {
        "name": "APIVaultName",
        "value": "",
        "param_type": "Path",
        "isVisible": true,
        "bindable": true,
        "required": true,
        "ui_source": "adapter",
        "sourceProperty": "APIVaultName",
        "ui_category": "Publish Mode Properties",
        "typeConverter": "VaultListConverter",
        "ui_displayName": "Vault"
      }
    ]
  },
  {
    "operation": "Get Files Belonging to an Object",
    "description": "",
    "operationId": "get_files_belonging_to_an_object",
    "operationApiType": "GET",
    "operationPath": "/objects/{objType}/{objId}/{objVersion}/files",
    "operationSummary": "Get Files Belonging to an Object",
    "operationDescription": "Retrieves the object file information for all the files on an object.",
    "deprecated": false,
    "adapterProperties": [
      {
        "name": "AdapterMode",
        "key": "",
        "value": "API"
      }
    ],
    "parameters": [
      {
        "name": "{objType}",
        "value": "",
        "param_type": "Path",
        "isVisible": true,
        "bindable": true,
        "required": true,
        "datatype": "System.String",
        "ui_source": "operation",
        "ui_category": "Misc"
      },
      {
        "name": "{objId}",
        "value": "",
        "param_type": "Path",
        "isVisible": true,
        "bindable": true,
        "required": true,
        "datatype": "System.String",
        "ui_source": "operation",
        "ui_category": "Misc"
      },
      {
        "name": "{objVersion}",
        "value": "",
        "param_type": "Path",
        "isVisible": true,
        "bindable": true,
        "required": true,
        "datatype": "System.String",
        "ui_source": "operation",
        "ui_category": "Misc"
      },
      {
        "name": "APIVaultName",
        "value": "",
        "param_type": "Path",
        "isVisible": true,
        "bindable": true,
        "required": true,
        "ui_source": "adapter",
        "sourceProperty": "APIVaultName",
        "ui_category": "Publish Mode Properties",
        "typeConverter": "VaultListConverter",
        "ui_displayName": "Vault"
      }
    ]
  },
  {
    "operation": "Get a Single File on an Object",
    "description": "",
    "operationId": "get_a_single_file_on_an_object",
    "operationApiType": "GET",
    "operationPath": "/objects/{objType}/{objId}/{objVersion}/files/{fileId}",
    "operationSummary": "Get a Single File on an Object",
    "operationDescription": "Retrieves the object file infromation for the object file.",
    "deprecated": false,
    "adapterProperties": [
      {
        "name": "AdapterMode",
        "key": "",
        "value": "API"
      }
    ],
    "parameters": [
      {
        "name": "{objType}",
        "value": "",
        "param_type": "Path",
        "isVisible": true,
        "bindable": true,
        "required": true,
        "datatype": "System.String",
        "ui_source": "operation",
        "ui_category": "Misc"
      },
      {
        "name": "{objId}",
        "value": "",
        "param_type": "Path",
        "isVisible": true,
        "bindable": true,
        "required": true,
        "datatype": "System.String",
        "ui_source": "operation",
        "ui_category": "Misc"
      },
      {
        "name": "{objVersion}",
        "value": "",
        "param_type": "Path",
        "isVisible": true,
        "bindable": true,
        "required": true,
        "datatype": "System.String",
        "ui_source": "operation",
        "ui_category": "Misc"
      },
      {
        "name": "{fileId}",
        "value": "",
        "param_type": "Path",
        "isVisible": true,
        "bindable": true,
        "required": true,
        "datatype": "System.String",
        "ui_source": "operation",
        "ui_category": "Misc"
      },
      {
        "name": "APIVaultName",
        "value": "",
        "param_type": "Path",
        "isVisible": true,
        "bindable": true,
        "required": true,
        "ui_source": "adapter",
        "sourceProperty": "APIVaultName",
        "ui_category": "Publish Mode Properties",
        "typeConverter": "VaultListConverter",
        "ui_displayName": "Vault"
      }
    ]
  },
  {
    "operation": "Get the Contents of a Single File",
    "description": "",
    "operationId": "get_the_contents_of_a_single_file",
    "operationApiType": "GET",
    "operationPath": "/objects/{objType}/{objId}/{objVersion}/files/{fileId}/content",
    "operationSummary": "Get the Contents of a Single File",
    "operationDescription": "Retrieves the object file contents.",
    "deprecated": false,
    "adapterProperties": [
      {
        "name": "AdapterMode",
        "key": "",
        "value": "API"
      }
    ],
    "parameters": [
      {
        "name": "{objType}",
        "value": "",
        "param_type": "Path",
        "isVisible": true,
        "bindable": true,
        "required": true,
        "datatype": "System.String",
        "ui_source": "operation",
        "ui_category": "Misc"
      },
      {
        "name": "{objId}",
        "value": "",
        "param_type": "Path",
        "isVisible": true,
        "bindable": true,
        "required": true,
        "datatype": "System.String",
        "ui_source": "operation",
        "ui_category": "Misc"
      },
      {
        "name": "{objVersion}",
        "value": "",
        "param_type": "Path",
        "isVisible": true,
        "bindable": true,
        "required": true,
        "datatype": "System.String",
        "ui_source": "operation",
        "ui_category": "Misc"
      },
      {
        "name": "{fileId}",
        "value": "",
        "param_type": "Path",
        "isVisible": true,
        "bindable": true,
        "required": true,
        "datatype": "System.String",
        "ui_source": "operation",
        "ui_category": "Misc"
      },
      {
        "name": "APIVaultName",
        "value": "",
        "param_type": "Path",
        "isVisible": true,
        "bindable": true,
        "required": true,
        "ui_source": "adapter",
        "sourceProperty": "APIVaultName",
        "ui_category": "Publish Mode Properties",
        "typeConverter": "VaultListConverter",
        "ui_displayName": "Vault"
      }
    ]
  },
  {
    "operation": "Get the File Name of an Object File",
    "description": "",
    "operationId": "get_the_filename_of_an_object_file",
    "operationApiType": "GET",
    "operationPath": "/objects/{objType}/{objId}/{objVersion}/files/{fileId}/title",
    "operationSummary": "Get the File Name of an Object File",
    "operationDescription": "Retrieves the current object file name.",
    "deprecated": false,
    "adapterProperties": [
      {
        "name": "AdapterMode",
        "key": "",
        "value": "API"
      }
    ],
    "parameters": [
      {
        "name": "{objType}",
        "value": "",
        "param_type": "Path",
        "isVisible": true,
        "bindable": true,
        "required": true,
        "datatype": "System.String",
        "ui_source": "operation",
        "ui_category": "Misc"
      },
      {
        "name": "{objId}",
        "value": "",
        "param_type": "Path",
        "isVisible": true,
        "bindable": true,
        "required": true,
        "datatype": "System.String",
        "ui_source": "operation",
        "ui_category": "Misc"
      },
      {
        "name": "{objVersion}",
        "value": "",
        "param_type": "Path",
        "isVisible": true,
        "bindable": true,
        "required": true,
        "datatype": "System.String",
        "ui_source": "operation",
        "ui_category": "Misc"
      },
      {
        "name": "{fileId}",
        "value": "",
        "param_type": "Path",
        "isVisible": true,
        "bindable": true,
        "required": true,
        "datatype": "System.String",
        "ui_source": "operation",
        "ui_category": "Misc"
      },
      {
        "name": "APIVaultName",
        "value": "",
        "param_type": "Path",
        "isVisible": true,
        "bindable": true,
        "required": true,
        "ui_source": "adapter",
        "sourceProperty": "APIVaultName",
        "ui_category": "Publish Mode Properties",
        "typeConverter": "VaultListConverter",
        "ui_displayName": "Vault"
      }
    ]
  },
  {
    "operation": "Change the Name on the Object File",
    "description": "",
    "operationId": "change_the_name_on_the_object_file",
    "operationApiType": "PUT",
    "operationPath": "/objects/{objType}/{objId}/{objVersion}/files/{fileId}/title",
    "operationSummary": "Change the Name on the Object File",
    "operationDescription": "Sets the name on the object file.",
    "deprecated": false,
    "adapterProperties": [
      {
        "name": "AdapterMode",
        "key": "",
        "value": "API"
      }
    ],
    "parameters": [
      {
        "name": "{objType}",
        "value": "",
        "param_type": "Path",
        "isVisible": true,
        "bindable": true,
        "required": true,
        "datatype": "System.String",
        "ui_source": "operation",
        "ui_category": "Misc"
      },
      {
        "name": "{objId}",
        "value": "",
        "param_type": "Path",
        "isVisible": true,
        "bindable": true,
        "required": true,
        "datatype": "System.String",
        "ui_source": "operation",
        "ui_category": "Misc"
      },
      {
        "name": "{objVersion}",
        "value": "",
        "param_type": "Path",
        "isVisible": true,
        "bindable": true,
        "required": true,
        "datatype": "System.String",
        "ui_source": "operation",
        "ui_category": "Misc"
      },
      {
        "name": "{fileId}",
        "value": "",
        "param_type": "Path",
        "isVisible": true,
        "bindable": true,
        "required": true,
        "datatype": "System.String",
        "ui_source": "operation",
        "ui_category": "Misc"
      },
      {
        "name": "Body",
        "value": "",
        "param_type": "Param",
        "bindable": true,
        "isVisible": false,
        "required": true,
        "datatype": "System.String",
        "description": "Specify the content of the body to upload.",
        "ui_source": "operation",
        "ui_EditorType": "TextArea",
        "ui_category": "Publish Mode Properties",
        "ui_displayName": "Body"
      },
      {
        "name": "BodyType",
        "value": "Raw",
        "param_type": "Param",
        "ui_source": "operation"
      },
      {
        "name": "BodyFormat",
        "value": "XML",
        "param_type": "Param",
        "ui_source": "operation"
      },
      {
        "name": "APIVaultName",
        "value": "",
        "param_type": "Path",
        "isVisible": true,
        "bindable": true,
        "required": true,
        "ui_source": "adapter",
        "sourceProperty": "APIVaultName",
        "ui_category": "Publish Mode Properties",
        "typeConverter": "VaultListConverter",
        "ui_displayName": "Vault"
      }
    ]
  },
  {
    "operation": "Get the Deleted Status of the Object",
    "description": "",
    "operationId": "get_the_deleted_status_of_the_object",
    "operationApiType": "GET",
    "operationPath": "/objects/{objType}/{objId}/deleted",
    "operationSummary": "Get the Deleted Status of the Object",
    "operationDescription": "Retrieves the deleted status of the object.",
    "deprecated": false,
    "adapterProperties": [
      {
        "name": "AdapterMode",
        "key": "",
        "value": "API"
      }
    ],
    "parameters": [
      {
        "name": "{objType}",
        "value": "",
        "param_type": "Path",
        "isVisible": true,
        "bindable": true,
        "required": true,
        "datatype": "System.String",
        "ui_source": "operation",
        "ui_category": "Misc"
      },
      {
        "name": "{objId}",
        "value": "",
        "param_type": "Path",
        "isVisible": true,
        "bindable": true,
        "required": true,
        "datatype": "System.String",
        "ui_source": "operation",
        "ui_category": "Misc"
      },
      {
        "name": "APIVaultName",
        "value": "",
        "param_type": "Path",
        "isVisible": true,
        "bindable": true,
        "required": true,
        "ui_source": "adapter",
        "sourceProperty": "APIVaultName",
        "ui_category": "Publish Mode Properties",
        "typeConverter": "VaultListConverter",
        "ui_displayName": "Vault"
      }
    ]
  },
  {
    "operation": "Set the Deleted Status of the Object",
    "description": "",
    "operationId": "set_the_deleted_status_of_the_object",
    "operationApiType": "PUT",
    "operationPath": "/objects/{objType}/{objId}/deleted",
    "operationSummary": "Set the Deleted Status of the Object",
    "operationDescription": "Sets the deleted status of the object.",
    "deprecated": false,
    "adapterProperties": [
      {
        "name": "AdapterMode",
        "key": "",
        "value": "API"
      }
    ],
    "parameters": [
      {
        "name": "{objType}",
        "value": "",
        "param_type": "Path",
        "isVisible": true,
        "bindable": true,
        "required": true,
        "datatype": "System.String",
        "ui_source": "operation",
        "ui_category": "Misc"
      },
      {
        "name": "{objId}",
        "value": "",
        "param_type": "Path",
        "isVisible": true,
        "bindable": true,
        "required": true,
        "datatype": "System.String",
        "ui_source": "operation",
        "ui_category": "Misc"
      },
      {
        "name": "Body",
        "value": "",
        "param_type": "Param",
        "bindable": true,
        "isVisible": false,
        "required": true,
        "datatype": "System.String",
        "description": "Specify the content of the body to upload.",
        "ui_source": "operation",
        "ui_EditorType": "TextArea",
        "ui_category": "Publish Mode Properties",
        "ui_displayName": "Body"
      },
      {
        "name": "BodyType",
        "value": "Raw",
        "param_type": "Param",
        "ui_source": "operation"
      },
      {
        "name": "BodyFormat",
        "value": "XML",
        "param_type": "Param",
        "ui_source": "operation"
      },
      {
        "name": "APIVaultName",
        "value": "",
        "param_type": "Path",
        "isVisible": true,
        "bindable": true,
        "required": true,
        "ui_source": "adapter",
        "sourceProperty": "APIVaultName",
        "ui_category": "Publish Mode Properties",
        "typeConverter": "VaultListConverter",
        "ui_displayName": "Vault"
      }
    ]
  },
  {
    "operation": "Get the Current Check Out Status of the Object",
    "description": "",
    "operationId": "get_the_current_checkout_status_of_the_object",
    "operationApiType": "GET",
    "operationPath": "/objects/{objType}/{objId}/{objVersion}/checkedout",
    "operationSummary": "Get the Current Check Out Status of the Object",
    "operationDescription": "Retrieves the current check out status.",
    "deprecated": false,
    "adapterProperties": [
      {
        "name": "AdapterMode",
        "key": "",
        "value": "API"
      }
    ],
    "parameters": [
      {
        "name": "{objType}",
        "value": "",
        "param_type": "Path",
        "isVisible": true,
        "bindable": true,
        "required": true,
        "datatype": "System.String",
        "ui_source": "operation",
        "ui_category": "Misc"
      },
      {
        "name": "{objId}",
        "value": "",
        "param_type": "Path",
        "isVisible": true,
        "bindable": true,
        "required": true,
        "datatype": "System.String",
        "ui_source": "operation",
        "ui_category": "Misc"
      },
      {
        "name": "{objVersion}",
        "value": "",
        "param_type": "Path",
        "isVisible": true,
        "bindable": true,
        "required": true,
        "datatype": "System.String",
        "ui_source": "operation",
        "ui_category": "Misc"
      },
      {
        "name": "APIVaultName",
        "value": "",
        "param_type": "Path",
        "isVisible": true,
        "bindable": true,
        "required": true,
        "ui_source": "adapter",
        "sourceProperty": "APIVaultName",
        "ui_category": "Publish Mode Properties",
        "typeConverter": "VaultListConverter",
        "ui_displayName": "Vault"
      }
    ]
  },
  {
    "operation": "Set the Check Out Status of the Object",
    "description": "",
    "operationId": "set_the_checkout_status_of_the_object",
    "operationApiType": "PUT",
    "operationPath": "/objects/{objType}/{objId}/{objVersion}/checkedout",
    "operationSummary": "Set the Check Out Status of the Object",
    "operationDescription": "Sets the check out status. This is allowed only when the object isn't checked out to someone else, that is when the check out status isn't CheckedOut.",
    "deprecated": false,
    "adapterProperties": [
      {
        "name": "AdapterMode",
        "key": "",
        "value": "API"
      }
    ],
    "parameters": [
      {
        "name": "{objType}",
        "value": "",
        "param_type": "Path",
        "isVisible": true,
        "bindable": true,
        "required": true,
        "datatype": "System.String",
        "ui_source": "operation",
        "ui_category": "Misc"
      },
      {
        "name": "{objVersion}",
        "value": "",
        "param_type": "Path",
        "isVisible": true,
        "bindable": true,
        "required": true,
        "datatype": "System.String",
        "ui_source": "operation",
        "ui_category": "Misc"
      },
      {
        "name": "{objId}",
        "value": "",
        "param_type": "Path",
        "isVisible": true,
        "bindable": true,
        "required": true,
        "datatype": "System.String",
        "ui_source": "operation",
        "ui_category": "Misc"
      },
      {
        "name": "Body",
        "value": "",
        "param_type": "Param",
        "bindable": true,
        "isVisible": false,
        "required": true,
        "datatype": "System.String",
        "description": "Specify the content of the body to upload.",
        "ui_source": "operation",
        "ui_EditorType": "TextArea",
        "ui_category": "Publish Mode Properties",
        "ui_displayName": "Body"
      },
      {
        "name": "BodyType",
        "value": "Raw",
        "param_type": "Param",
        "ui_source": "operation"
      },
      {
        "name": "BodyFormat",
        "value": "XML",
        "param_type": "Param",
        "ui_source": "operation"
      },
      {
        "name": "APIVaultName",
        "value": "",
        "param_type": "Path",
        "isVisible": true,
        "bindable": true,
        "required": true,
        "ui_source": "adapter",
        "sourceProperty": "APIVaultName",
        "ui_category": "Publish Mode Properties",
        "typeConverter": "VaultListConverter",
        "ui_displayName": "Vault"
      }
    ]
  },
  {
    "operation": "Get Objects Filtered by Object Version",
    "description": "",
    "operationId": "get_objects_filtered_by_object_version",
    "operationApiType": "GET",
    "operationPath": "/objects/{objType}/{objId}/{objVersion}",
    "operationSummary": "Get Objects Filtered by Object Version",
    "operationDescription": "Retrieves the object information.",
    "deprecated": false,
    "adapterProperties": [
      {
        "name": "AdapterMode",
        "key": "",
        "value": "API"
      }
    ],
    "parameters": [
      {
        "name": "{objType}",
        "value": "",
        "param_type": "Path",
        "isVisible": true,
        "bindable": true,
        "required": true,
        "datatype": "System.String",
        "ui_source": "operation",
        "ui_category": "Misc"
      },
      {
        "name": "{objId}",
        "value": "",
        "param_type": "Path",
        "isVisible": true,
        "bindable": true,
        "required": true,
        "datatype": "System.String",
        "ui_source": "operation",
        "ui_category": "Misc"
      },
      {
        "name": "{objVersion}",
        "value": "",
        "param_type": "Path",
        "isVisible": true,
        "bindable": true,
        "required": true,
        "datatype": "System.String",
        "ui_source": "operation",
        "ui_category": "Misc"
      },
      {
        "name": "APIVaultName",
        "value": "",
        "param_type": "Path",
        "isVisible": true,
        "bindable": true,
        "required": true,
        "ui_source": "adapter",
        "sourceProperty": "APIVaultName",
        "ui_category": "Publish Mode Properties",
        "typeConverter": "VaultListConverter",
        "ui_displayName": "Vault"
      }
    ]
  },
  {
    "operation": "Destroy the Object Version",
    "description": "",
    "operationId": "destroy_the_object_version",
    "operationApiType": "DELETE",
    "operationPath": "/objects/{objType}/{objId}/{objVersion}",
    "operationSummary": "Destroy the Object Version",
    "operationDescription": "Destroys the object version. As checked in versions cannot be destroyed this can only be performed on a checked out version and is equivalent to an undo checkout. Returns the new ObjectVersion information if it is still visible to the user.",
    "deprecated": false,
    "adapterProperties": [
      {
        "name": "AdapterMode",
        "key": "",
        "value": "API"
      }
    ],
    "parameters": [
      {
        "name": "{objType}",
        "value": "",
        "param_type": "Path",
        "isVisible": true,
        "bindable": true,
        "required": true,
        "datatype": "System.String",
        "ui_source": "operation",
        "ui_category": "Misc"
      },
      {
        "name": "{objId}",
        "value": "",
        "param_type": "Path",
        "isVisible": true,
        "bindable": true,
        "required": true,
        "datatype": "System.String",
        "ui_source": "operation",
        "ui_category": "Misc"
      },
      {
        "name": "{objVersion}",
        "value": "",
        "param_type": "Path",
        "isVisible": true,
        "bindable": true,
        "required": true,
        "datatype": "System.String",
        "ui_source": "operation",
        "ui_category": "Misc"
      },
      {
        "name": "APIVaultName",
        "value": "",
        "param_type": "Path",
        "isVisible": true,
        "bindable": true,
        "required": true,
        "ui_source": "adapter",
        "sourceProperty": "APIVaultName",
        "ui_category": "Publish Mode Properties",
        "typeConverter": "VaultListConverter",
        "ui_displayName": "Vault"
      }
    ]
  },
  {
    "operation": "Create Collection of Temporary Uploads",
    "description": "",
    "operationId": "create_collection_of_temporary_uploads",
    "operationApiType": "POST",
    "operationPath": "/files",
    "operationSummary": "Create Collection of Temporary Uploads",
    "operationDescription": "Stores a temporary file on the server and assigns an ID for it.",
    "deprecated": false,
    "adapterProperties": [
      {
        "name": "AdapterMode",
        "key": "",
        "value": "API"
      }
    ],
    "parameters": [
      {
        "name": "APIVaultName",
        "value": "",
        "param_type": "Path",
        "isVisible": true,
        "bindable": true,
        "required": true,
        "ui_source": "adapter",
        "sourceProperty": "APIVaultName",
        "ui_category": "Publish Mode Properties",
        "typeConverter": "VaultListConverter",
        "ui_displayName": "Vault"
      }
    ]
  }
]
