[
  {
    "operation": "Get Folders",
    "description": "",
    "operationId": "getFolderUsingGET",
    "operationApiType": "GET",
    "operationPath": "/rest/asset/v1/folders.json",
    "operationSummary": "Get Folders",
    "operationDescription": "Retrieves child folders from within a given root folder.  Required Permissions: Read-Only Assets, Read-Write Assets",
    "deprecated": false,
    "adapterProperties": [
      {
        "name": "AdapterMode",
        "key": "",
        "value": "Solicit Response"
      }
    ],
    "parameters": []
  },
  {
    "operation": "Create Folder",
    "description": "",
    "operationId": "createFolderUsingPOST",
    "operationApiType": "POST",
    "operationPath": "/rest/asset/v1/folders.json",
    "operationSummary": "Create Folder",
    "operationDescription": "Creates a new folder.  Required Permissions: Read-Write Assets",
    "deprecated": false,
    "adapterProperties": [
      {
        "name": "AdapterMode",
        "key": "",
        "value": "Solicit Response"
      }
    ],
    "parameters": [
      {
        "name": "parent",
        "value": "",
        "isVisible": true,
        "bindable": true,
        "required": true,
        "datatype": "System.String",
        "description": "Specify the ID and Type of the parent folder where the new folder will be created.",
        "ui_EditorType": "Textbox",
        "ui_category": "Subscribe Mode Properties",
        "ui_displayName": "Parent",
        "param_type": "BodyParam",
        "ui_source": "operation"
      },
      {
        "name": "name",
        "value": "",
        "isVisible": true,
        "bindable": true,
        "required": true,
        "datatype": "System.String",
        "description": "Specify the name you want to give to your new folder.",
        "ui_EditorType": "Textbox",
        "ui_category": "Subscribe Mode Properties",
        "ui_displayName": "Name",
        "param_type": "BodyParam",
        "ui_source": "operation"
      },
      {
        "name": "description",
        "value": "",
        "isVisible": true,
        "bindable": true,
        "required": false,
        "datatype": "System.String",
        "description": "Add a description for your new folder.",
        "ui_EditorType": "Textbox",
        "ui_category": "Subscribe Mode Properties",
        "ui_displayName": "Description",
        "param_type": "BodyParam",
        "ui_source": "operation"
      },
      {
        "name": "BodyType",
        "value": "UrlEncoded",
        "param_type": "Param",
        "ui_source": "operation"
      },
      {
        "name": "BodyFormat",
        "value": "XML",
        "param_type": "Param",
        "ui_source": "operation"
      }
    ]
  },
  {
    "operation": "Update Folder Metadata",
    "description": "",
    "operationId": "updateFolderUsingPOST",
    "operationApiType": "POST",
    "operationPath": "/rest/asset/v1/folder/{id}.json",
    "operationSummary": "Update Folder Metadata",
    "operationDescription": "Updates the metadata for a given folder.  Required Permissions: Read-Write Assets",
    "deprecated": false,
    "adapterProperties": [
      {
        "name": "AdapterMode",
        "key": "",
        "value": "Solicit Response"
      }
    ],
    "parameters": [
      {
        "name": "{id}",
        "value": "",
        "isVisible": true,
        "bindable": true,
        "required": true,
        "datatype": "System.String",
        "description": "Id of the folder to update.",
        "ui_EditorType": "Textbox",
        "ui_category": "Subscribe Mode Properties",
        "ui_displayName": "ID",
        "param_type": "Path",
        "ui_source": "operation"
      },
      {
        "name": "updateFolderRequest",
        "value": "",
        "isVisible": true,
        "bindable": true,
        "required": true,
        "datatype": "System.String",
        "description": "Specify description for update Folder Request.",
        "ui_EditorType": "Textbox",
        "ui_category": "Subscribe Mode Properties",
        "ui_displayName": "Parent",
        "param_type": "BodyParam",
        "ui_source": "operation"
      }
    ]
  },
  {
    "operation": "Delete Folder",
    "description": "",
    "operationId": "deleteFolderUsingPOST",
    "operationApiType": "POST",
    "operationPath": "/rest/asset/v1/folder/{id}/delete.json",
    "operationSummary": "Delete Folder",
    "operationDescription": "Deletes the designated folder.  Deletion will fail if the folder has content.  Required Permissions: Read-Write Assets",
    "deprecated": false,
    "adapterProperties": [
      {
        "name": "AdapterMode",
        "key": "",
        "value": "Solicit Response"
      }
    ],
    "parameters": [
      {
        "name": "{id}",
        "value": "",
        "isVisible": true,
        "bindable": true,
        "required": true,
        "datatype": "System.String",
        "description": "Id of the folder to delete.",
        "ui_EditorType": "Textbox",
        "ui_category": "Subscribe Mode Properties",
        "ui_displayName": "ID",
        "param_type": "Path",
        "ui_source": "operation"
      }
    ]
  },
  {
    "operation": "Get Folder by Id",
    "description": "",
    "operationId": "getFolderByIdUsingGET",
    "operationApiType": "GET",
    "operationPath": "/rest/asset/v1/folder/{id}.json",
    "operationSummary": "Get Folder by Id",
    "operationDescription": "Returns the folder record with the given id.  Required Permissions: Read-Only Assets, Read-Write Assets",
    "deprecated": false,
    "adapterProperties": [
      {
        "name": "AdapterMode",
        "key": "",
        "value": "Solicit Response"
      }
    ],
    "parameters": [
      {
        "name": "{id}",
        "value": "",
        "isVisible": true,
        "bindable": true,
        "required": true,
        "datatype": "System.String",
        "description": "Id of the folder to retrieve.",
        "ui_EditorType": "Textbox",
        "ui_category": "Subscribe Mode Properties",
        "ui_displayName": "ID",
        "param_type": "Path",
        "ui_source": "operation"
      },
      {
        "name": "type",
        "value": "",
        "isVisible": true,
        "bindable": true,
        "required": false,
        "datatype": "System.String",
        "description": "Type of folder. 'Folder' or 'Program'.",
        "ui_EditorType": "Textbox",
        "ui_category": "Subscribe Mode Properties",
        "ui_displayName": "Type",
        "param_type": "Param",
        "ui_source": "operation"
      }
    ]
  },
  {
    "operation": "Get Folder by Name",
    "description": "",
    "operationId": "getFolderByNameUsingGET",
    "operationApiType": "GET",
    "operationPath": "/rest/asset/v1/folder/byName.json",
    "operationSummary": "Get Folder by Name",
    "operationDescription": "Returns a folder record for the given name.  Required Permissions: Read-Only Assets, Read-Write Assets",
    "deprecated": false,
    "adapterProperties": [
      {
        "name": "AdapterMode",
        "key": "",
        "value": "Solicit Response"
      }
    ],
    "parameters": [
      {
        "name": "name",
        "value": "",
        "isVisible": true,
        "bindable": true,
        "required": false,
        "datatype": "System.String",
        "description": "Name of the folder. Not applicable for Programs.",
        "ui_EditorType": "Textbox",
        "ui_category": "Subscribe Mode Properties",
        "ui_displayName": "Name",
        "param_type": "UrlParam",
        "ui_source": "operation"
      }
    ]
  },
  {
    "operation": "Describe Lead",
    "description": "",
    "operationId": "describeUsingGET_2",
    "operationApiType": "GET",
    "operationPath": "/rest/v1/leads/describe.json",
    "operationSummary": "Describe Lead",
    "operationDescription": "Returns metadata about lead objects in the target instance, including a list of all fields available for interaction via the APIs.  Required Permissions: Read-Only Lead, Read-Write Lead<br><br><b>Note: This endpoint has been superceded.</b>  Use <a href=\"/rest-api/endpoint-reference/lead-database-endpoint-reference/#!/Leads/describeUsingGET_6\">Describe Lead2</a> endpoint instead.",
    "deprecated": false,
    "adapterProperties": [
      {
        "name": "AdapterMode",
        "key": "",
        "value": "Solicit Response"
      }
    ],
    "parameters": []
  },
  {
    "operation": "Describe Lead2",
    "description": "",
    "operationId": "describeUsingGET_6",
    "operationApiType": "GET",
    "operationPath": "/rest/v1/leads/describe2.json",
    "operationSummary": "Describe Lead2",
    "operationDescription": "Returns list of searchable fields on lead objects in the target instance.  Required Permissions: Read-Only Lead, Read-Write Lead",
    "deprecated": false,
    "adapterProperties": [
      {
        "name": "AdapterMode",
        "key": "",
        "value": "Solicit Response"
      }
    ],
    "parameters": []
  },
  {
    "operation": "Create or Update Lead",
    "description": "",
    "operationId": "syncLeadUsingPOST",
    "operationApiType": "POST",
    "operationPath": "/rest/v1/leads.json",
    "operationSummary": "Create or Update Lead",
    "operationDescription": "Syncs a list of leads to the target instance.  Required Permissions: Read-Write Lead",
    "deprecated": false,
    "adapterProperties": [
      {
        "name": "AdapterMode",
        "key": "",
        "value": "Solicit Response"
      }
    ],
    "parameters": [
      {
        "name": "Body",
        "value": "",
        "param_type": "Param",
        "isVisible": false,
        "bindable": true,
        "required": true,
        "datatype": "System.String",
        "description": "Specify the content of the body to upload.",
        "ui_source": "operation",
        "ui_EditorType": "TextArea",
        "ui_category": "Subscribe Mode Properties",
        "ui_displayName": "Body Content"
      },
      {
        "name": "BodyType",
        "value": "Raw",
        "param_type": "Param",
        "ui_source": "operation"
      },
      {
        "name": "BodyFormat",
        "value": "XML",
        "param_type": "Param",
        "ui_source": "operation"
      }
    ]
  },
  {
    "operation": "Create Lead Fields",
    "description": "",
    "operationId": "createLeadFieldUsingPOST",
    "operationApiType": "POST",
    "operationPath": "/rest/v1/leads/schema/fields.json",
    "operationSummary": "Create Lead Fields",
    "operationDescription": "Create lead fields in the target instance.  Required Permissions: Read-Write Schema Custom Field",
    "deprecated": false,
    "adapterProperties": [
      {
        "name": "AdapterMode",
        "key": "",
        "value": "Solicit Response"
      }
    ],
    "parameters": [
      {
        "name": "Body",
        "value": "",
        "param_type": "Param",
        "isVisible": false,
        "bindable": true,
        "required": true,
        "datatype": "System.String",
        "description": "Specify the content of the body to upload.",
        "ui_source": "operation",
        "ui_EditorType": "TextArea",
        "ui_category": "Subscribe Mode Properties",
        "ui_displayName": "Body Content"
      },
      {
        "name": "BodyType",
        "value": "Raw",
        "param_type": "Param",
        "ui_source": "operation"
      },
      {
        "name": "BodyFormat",
        "value": "XML",
        "param_type": "Param",
        "ui_source": "operation"
      }
    ]
  },
  {
    "operation": "Delete Leads",
    "description": "",
    "operationId": "deleteLeadsUsingPOST",
    "operationApiType": "POST",
    "operationPath": "/rest/v1/leads/delete.json",
    "operationSummary": "Delete Leads",
    "operationDescription": "Delete a list of leads from the destination instance.  Required Permissions: Read-Write Lead",
    "deprecated": false,
    "adapterProperties": [
      {
        "name": "AdapterMode",
        "key": "",
        "value": "Solicit Response"
      }
    ],
    "parameters": [
      {
        "name": "Body",
        "value": "",
        "param_type": "Param",
        "isVisible": false,
        "bindable": true,
        "required": true,
        "datatype": "System.String",
        "description": "Specify the content of the body to upload.",
        "ui_source": "operation",
        "ui_EditorType": "TextArea",
        "ui_category": "Subscribe Mode Properties",
        "ui_displayName": "Body Content"
      },
      {
        "name": "BodyType",
        "value": "Raw",
        "param_type": "Param",
        "ui_source": "operation"
      },
      {
        "name": "BodyFormat",
        "value": "XML",
        "param_type": "Param",
        "ui_source": "operation"
      }
    ]
  },
  {
    "operation": "Update Lead Field",
    "description": "",
    "operationId": "updateLeadFieldUsingPOST",
    "operationApiType": "POST",
    "operationPath": "/rest/v1/leads/schema/fields/{fieldApiName}.json",
    "operationSummary": "Update Lead Field",
    "operationDescription": "Update metadata for a lead field in the target instance.  See update rules <a href=\"https://developers.marketo.com/rest-api/lead-database/leads/#update_field\">here</a>.  Required Permissions: Read-Write Schema Standard Field, Read-Write Schema Custom Field",
    "deprecated": false,
    "adapterProperties": [
      {
        "name": "AdapterMode",
        "key": "",
        "value": "Solicit Response"
      }
    ],
    "parameters": [
      {
        "name": "{fieldApiName}",
        "value": "",
        "isVisible": true,
        "bindable": true,
        "required": true,
        "datatype": "System.String",
        "description": "Specify field API name.",
        "ui_EditorType": "Textbox",
        "ui_category": "Subscribe Mode Properties",
        "ui_displayName": "Field API Name",
        "param_type": "Path",
        "ui_source": "operation"
      },
      {
        "name": "Body",
        "value": "",
        "param_type": "Param",
        "isVisible": false,
        "bindable": true,
        "required": true,
        "datatype": "System.String",
        "description": "Specify the content of the body to upload.",
        "ui_source": "operation",
        "ui_EditorType": "TextArea",
        "ui_category": "Subscribe Mode Properties",
        "ui_displayName": "Body Content"
      },
      {
        "name": "BodyType",
        "value": "Raw",
        "param_type": "Param",
        "ui_source": "operation"
      },
      {
        "name": "BodyFormat",
        "value": "XML",
        "param_type": "Param",
        "ui_source": "operation"
      }
    ]
  },
  {
    "operation": "Get Lead Field by Name",
    "description": "",
    "operationId": "getLeadFieldByNameUsingGET",
    "operationApiType": "GET",
    "operationPath": "/rest/v1/leads/schema/fields/{fieldApiName}.json",
    "operationSummary": "Get Lead Field by Name",
    "operationDescription": "Retrieves metadata for single lead field.  Required Permissions: Read-Write Schema Standard Field, Read-Write Schema Custom Field",
    "deprecated": false,
    "adapterProperties": [
      {
        "name": "AdapterMode",
        "key": "",
        "value": "Solicit Response"
      }
    ],
    "parameters": [
      {
        "name": "{fieldApiName}",
        "value": "",
        "isVisible": true,
        "bindable": true,
        "required": true,
        "datatype": "System.String",
        "description": "The API name of lead field.",
        "ui_EditorType": "Textbox",
        "ui_category": "Subscribe Mode Properties",
        "ui_displayName": "File API Name",
        "param_type": "Path",
        "ui_source": "operation"
      }
    ]
  },
  {
    "operation": "Get Leads by Filter Type",
    "description": "",
    "operationId": "getLeadsByFilterUsingGET",
    "operationApiType": "GET",
    "operationPath": "/rest/v1/leads.json",
    "operationSummary": "Get Leads by Filter Type",
    "operationDescription": "Returns a list of up to 300 leads based on a list of values in a particular field.  Required Permissions: Read-Only Lead, Read-Write Lead",
    "deprecated": false,
    "adapterProperties": [
      {
        "name": "AdapterMode",
        "key": "",
        "value": "Solicit Response"
      }
    ],
    "parameters": [
      {
        "name": "filterType",
        "value": "",
        "param_type": "UrlParam",
        "isVisible": true,
        "bindable": true,
        "required": true,
        "datatype": "System.String",
        "description": "The lead field to filter on. Any custom field (string, email, or integer types only), and any of the following fields are supported: cookies, email, facebookId, id, leadPartitionId, linkedInId, sfdcAccountId, sfdcContactId, sfdcLeadId, sfdcLeadOwnerId, sfdcOpptyId, twitterId.",
        "ui_source": "operation",
        "ui_EditorType": "Textbox",
        "ui_category": "Subscribe Mode Properties",
        "ui_displayName": "Filter Type"
      },
      {
        "name": "filterValues",
        "value": "",
        "param_type": "UrlParam",
        "isVisible": true,
        "bindable": true,
        "required": true,
        "datatype": "System.String",
        "description": "A comma-separated list of lead fields to return for each record",
        "ui_source": "operation",
        "ui_EditorType": "Textbox",
        "ui_category": "Subscribe Mode Properties",
        "ui_displayName": "Filter Value"
      }
    ]
  },
  {
    "operation": "Get Leads by Program Id",
    "description": "",
    "operationId": "getLeadsByProgramIdUsingGET",
    "operationApiType": "GET",
    "operationPath": "/rest/v1/leads/programs/{programId}.json",
    "operationSummary": "Get Leads by Program Id",
    "operationDescription": "Retrieves a list of leads which are members of the designated program.  Required Permissions: Read-Only Lead, Read-Write Lead",
    "deprecated": false,
    "adapterProperties": [
      {
        "name": "AdapterMode",
        "key": "",
        "value": "Solicit Response"
      }
    ],
    "parameters": [
      {
        "name": "{programId}",
        "value": "",
        "isVisible": true,
        "bindable": true,
        "required": true,
        "datatype": "System.String",
        "description": "The id of the program to retrieve from.",
        "ui_EditorType": "Textbox",
        "ui_category": "Subscribe Mode Properties",
        "ui_displayName": "Program Id",
        "param_type": "Path",
        "ui_source": "operation"
      }
    ]
  },
  {
    "operation": "Get Lead by Id",
    "description": "",
    "operationId": "getLeadByIdUsingGET",
    "operationApiType": "GET",
    "operationPath": "/rest/v1/lead/{leadId}.json",
    "operationSummary": "Get Lead by Id",
    "operationDescription": "Retrieves a single lead record through its Marketo id.  Required Permissions: Read-Only Lead, Read-Write Lead",
    "deprecated": false,
    "adapterProperties": [
      {
        "name": "AdapterMode",
        "key": "",
        "value": "Solicit Response"
      }
    ],
    "parameters": [
      {
        "name": "{leadId}",
        "value": "",
        "isVisible": true,
        "bindable": true,
        "required": true,
        "datatype": "System.String",
        "description": "The Marketo lead id.",
        "ui_EditorType": "Textbox",
        "ui_category": "Subscribe Mode Properties",
        "ui_displayName": "Lead Id",
        "param_type": "Path",
        "ui_source": "operation"
      }
    ]
  },
  {
    "operation": "Get Lists by Lead Id",
    "description": "",
    "operationId": "getListMembershipUsingGET",
    "operationApiType": "GET",
    "operationPath": "/rest/v1/leads/{leadId}/listMembership.json",
    "operationSummary": "Get Lists by Lead Id",
    "operationDescription": "Query static list membership for one lead.  Required Permissions: Read-Only Asset",
    "deprecated": false,
    "adapterProperties": [
      {
        "name": "AdapterMode",
        "key": "",
        "value": "Solicit Response"
      }
    ],
    "parameters": [
      {
        "name": "{leadId}",
        "value": "",
        "isVisible": true,
        "bindable": true,
        "required": true,
        "datatype": "System.String",
        "description": "The Marketo lead id.",
        "ui_EditorType": "Textbox",
        "ui_category": "Subscribe Mode Properties",
        "ui_displayName": "Lead ID",
        "param_type": "Path",
        "ui_source": "operation"
      }
    ]
  },
  {
    "operation": "Get Lead Fields",
    "description": "",
    "operationId": "getLeadFieldsUsingGET",
    "operationApiType": "GET",
    "operationPath": "/rest/v1/leads/schema/fields.json",
    "operationSummary": "Get Lead Fields",
    "operationDescription": "Retrieves metadata for all lead fields in the target instance.  Required Permissions: Read-Write Schema Standard Field, Read-Write Schema Custom Field",
    "deprecated": false,
    "adapterProperties": [
      {
        "name": "AdapterMode",
        "key": "",
        "value": "Solicit Response"
      }
    ],
    "parameters": []
  },
  {
    "operation": "Create Export Lead Job",
    "description": "",
    "operationId": "createExportLeadsUsingPOST",
    "operationApiType": "POST",
    "operationPath": "/bulk/v1/leads/export/create.json",
    "operationSummary": "Create Export Lead Job",
    "operationDescription": "Create export job for search criteria defined via \"filter\" parameter.  Request returns the \"exportId\" which is passed as a parameter in subsequent calls to Bulk Export Leads endpoints.  Use Enqueue Export Lead Job endpoint to queue the export job for processing.  Use Get Export Lead Job Status endpoint to retrieve status of export job.  Required Permissions: Read-Only Lead",
    "deprecated": false,
    "adapterProperties": [
      {
        "name": "AdapterMode",
        "key": "",
        "value": "Solicit Response"
      }
    ],
    "parameters": [
      {
        "name": "Body",
        "value": "",
        "param_type": "Param",
        "isVisible": false,
        "bindable": true,
        "required": true,
        "datatype": "System.String",
        "description": "Specify the content of the body to upload.",
        "ui_source": "operation",
        "ui_EditorType": "TextArea",
        "ui_category": "Subscribe Mode Properties",
        "ui_displayName": "Body Content"
      },
      {
        "name": "BodyType",
        "value": "Raw",
        "param_type": "Param",
        "ui_source": "operation"
      },
      {
        "name": "BodyFormat",
        "value": "XML",
        "param_type": "Param",
        "ui_source": "operation"
      }
    ]
  },
  {
    "operation": "Enqueue Export lead Job",
    "description": "",
    "operationId": "enqueueExportLeadsUsingPOST",
    "operationApiType": "POST",
    "operationPath": "/bulk/v1/leads/export/{exportId}/enqueue.json",
    "operationSummary": "Enqueue Export lead Job",
    "operationDescription": "Enqueue export job. This will place export job in queue, and will start the job when computing resources become available.  The export job must be in \"Created\" state.  Use Get Export Lead Job Status endpoint to retrieve status of export job.  Required Permissions: Read-Only Lead",
    "deprecated": false,
    "adapterProperties": [
      {
        "name": "AdapterMode",
        "key": "",
        "value": "Solicit Response"
      }
    ],
    "parameters": [
      {
        "name": "{exportId}",
        "value": "",
        "isVisible": true,
        "bindable": true,
        "required": true,
        "datatype": "System.String",
        "description": "Id of export batch job.",
        "ui_EditorType": "Textbox",
        "ui_category": "Subscribe Mode Properties",
        "ui_displayName": "Export ID",
        "param_type": "Path",
        "ui_source": "operation"
      }
    ]
  },
  {
    "operation": "Get Export Lead Job Status",
    "description": "",
    "operationId": "getExportLeadsStatusUsingGET",
    "operationApiType": "GET",
    "operationPath": "/bulk/v1/leads/export/{exportId}/status.json",
    "operationSummary": "Get Export Lead Job Status",
    "operationDescription": "Returns status of an export job.  Job status is available for 30 days after Completed or Failed status was reached. Required Permissions: Read-Only Lead",
    "deprecated": false,
    "adapterProperties": [
      {
        "name": "AdapterMode",
        "key": "",
        "value": "Solicit Response"
      }
    ],
    "parameters": [
      {
        "name": "{exportId}",
        "value": "",
        "isVisible": true,
        "bindable": true,
        "required": true,
        "datatype": "System.String",
        "description": "Id of export batch job.",
        "ui_EditorType": "Textbox",
        "ui_category": "Subscribe Mode Properties",
        "ui_displayName": "Export ID",
        "param_type": "Path",
        "ui_source": "operation"
      }
    ]
  },
  {
    "operation": "Get Program by Id",
    "description": "",
    "operationId": "getProgramByIdUsingGET",
    "operationApiType": "GET",
    "operationPath": "/rest/asset/v1/program/{id}.json",
    "operationSummary": "Get Program by Id",
    "operationDescription": "Retrieves the program record for the given id.  Required Permissions: Read-Only Assets, Read-Write Assets",
    "deprecated": false,
    "adapterProperties": [
      {
        "name": "AdapterMode",
        "key": "",
        "value": "Solicit Response"
      }
    ],
    "parameters": [
      {
        "name": "{id}",
        "value": "",
        "isVisible": true,
        "bindable": true,
        "required": true,
        "datatype": "System.String",
        "description": "Specify Program ID.",
        "ui_EditorType": "Textbox",
        "ui_category": "Subscribe Mode Properties",
        "ui_displayName": "ID",
        "param_type": "Path",
        "ui_source": "operation"
      }
    ]
  },
  {
    "operation": "Get Program by Name",
    "description": "",
    "operationId": "getProgramByNameUsingGET",
    "operationApiType": "GET",
    "operationPath": "/rest/asset/v1/program/byName.json",
    "operationSummary": "Get Program by Name",
    "operationDescription": "Retrieves the program record for the given name.  Required Permissions: Read-Only Assets, Read-Write Assets",
    "deprecated": false,
    "adapterProperties": [
      {
        "name": "AdapterMode",
        "key": "",
        "value": "Solicit Response"
      }
    ],
    "parameters": [
      {
        "name": "name",
        "value": "",
        "isVisible": true,
        "bindable": true,
        "required": true,
        "datatype": "System.String",
        "description": "Specify Program name.",
        "ui_EditorType": "Textbox",
        "ui_category": "Subscribe Mode Properties",
        "ui_displayName": "Name",
        "param_type": "UrlParam",
        "ui_source": "operation"
      },
      {
        "name": "includeTags",
        "value": "true",
        "isVisible": true,
        "bindable": true,
        "required": true,
        "datatype": "System.String",
        "description": "Set true to populate program tags.",
        "ui_EditorType": "Textbox",
        "ui_category": "Subscribe Mode Properties",
        "ui_displayName": "Include Tags",
        "param_type": "UrlParam",
        "ui_source": "operation"
      },
      {
        "name": "includeCosts",
        "value": "true",
        "isVisible": true,
        "bindable": true,
        "required": true,
        "datatype": "System.String",
        "description": "Set true to populate program costs.",
        "ui_EditorType": "Textbox",
        "ui_category": "Subscribe Mode Properties",
        "ui_displayName": "Include Costs",
        "param_type": "UrlParam",
        "ui_source": "operation"
      }
    ]
  },
  {
    "operation": "Get Programs",
    "description": "",
    "operationId": "browseProgramsUsingGET",
    "operationApiType": "GET",
    "operationPath": "/rest/asset/v1/programs.json",
    "operationSummary": "Get Programs",
    "operationDescription": "Retrieves the list of accessible programs from the target instance. Required Permissions: Read-Only Assets, Read-Write Assets",
    "deprecated": false,
    "adapterProperties": [
      {
        "name": "AdapterMode",
        "key": "",
        "value": "Solicit Response"
      }
    ],
    "parameters": []
  },
  {
    "operation": "Create Program",
    "description": "",
    "operationId": "createProgramUsingPOST",
    "operationApiType": "POST",
    "operationPath": "/rest/asset/v1/programs.json",
    "operationSummary": "Create Program",
    "operationDescription": "Creates a new program.  Required Permissions: Read-Write Assets",
    "deprecated": false,
    "adapterProperties": [
      {
        "name": "AdapterMode",
        "key": "",
        "value": "Solicit Response"
      }
    ],
    "parameters": [
      {
        "name": "name",
        "value": "",
        "isVisible": true,
        "bindable": true,
        "required": true,
        "datatype": "System.String",
        "description": "Required, A globally unique identifier for the program.",
        "ui_EditorType": "Textbox",
        "ui_category": "Subscribe Mode Properties",
        "ui_displayName": "Name",
        "param_type": "BodyParam",
        "ui_source": "operation"
      },
      {
        "name": "folder",
        "value": "",
        "isVisible": true,
        "bindable": true,
        "required": true,
        "datatype": "System.String",
        "description": "Required, Specifies the parent folder where the program resides.",
        "ui_EditorType": "Textbox",
        "ui_category": "Subscribe Mode Properties",
        "ui_displayName": "Folder",
        "param_type": "BodyParam",
        "ui_source": "operation"
      },
      {
        "name": "description",
        "value": "",
        "isVisible": true,
        "bindable": true,
        "required": false,
        "datatype": "System.String",
        "description": "Specify the description Value.",
        "ui_EditorType": "Textbox",
        "ui_category": "Subscribe Mode Properties",
        "ui_displayName": "Description",
        "param_type": "BodyParam",
        "ui_source": "operation"
      },
      {
        "name": "Type",
        "value": "",
        "isVisible": true,
        "bindable": true,
        "required": true,
        "datatype": "System.String",
        "description": "Required, Specify the type of the program.",
        "ui_EditorType": "Textbox",
        "ui_category": "Subscribe Mode Properties",
        "ui_displayName": "Type",
        "param_type": "BodyParam",
        "ui_source": "operation"
      },
      {
        "name": "channel",
        "value": "",
        "isVisible": true,
        "bindable": true,
        "required": true,
        "datatype": "System.String",
        "description": "Required, Specify the communication channel for the program.",
        "ui_EditorType": "Textbox",
        "ui_category": "Subscribe Mode Properties",
        "ui_displayName": "Channel",
        "param_type": "BodyParam",
        "ui_source": "operation"
      },
      {
        "name": "costs",
        "value": "",
        "isVisible": true,
        "bindable": true,
        "required": false,
        "datatype": "System.String",
        "description": "Specify the costs.",
        "ui_EditorType": "Textbox",
        "ui_category": "Subscribe Mode Properties",
        "ui_displayName": "Costs",
        "param_type": "BodyParam",
        "ui_source": "operation"
      }
    ]
  },
  {
    "operation": "Delete Program",
    "description": "",
    "operationId": "deleteProgramUsingPOS",
    "operationApiType": "POST",
    "operationPath": "/rest/asset/v1/program/{id}/delete.json",
    "operationSummary": "Delete Program",
    "operationDescription": "Deletes the target program. The program may not contain any assets which are in use outside the program.  Required Permissions: Read-Write Assets",
    "deprecated": false,
    "adapterProperties": [
      {
        "name": "AdapterMode",
        "key": "",
        "value": "Solicit Response"
      }
    ],
    "parameters": [
      {
        "name": "{id}",
        "value": "",
        "isVisible": true,
        "bindable": true,
        "required": true,
        "datatype": "System.String",
        "description": "Specify ID",
        "ui_EditorType": "Textbox",
        "ui_category": "Subscribe Mode Properties",
        "ui_displayName": "ID",
        "param_type": "Path",
        "ui_source": "operation"
      }
    ]
  },
  {
    "operation": "Clone Program",
    "description": "",
    "operationId": "cloneProgramUsingPOST",
    "operationApiType": "POST",
    "operationPath": "/rest/asset/v1/program/{id}/clone.json",
    "operationSummary": "Clone Program",
    "operationDescription": "Clones the target program.  Required Permissions: Read-Write Assets",
    "deprecated": false,
    "adapterProperties": [
      {
        "name": "AdapterMode",
        "key": "",
        "value": "Solicit Response"
      }
    ],
    "parameters": [
      {
        "name": "{id}",
        "value": "",
        "isVisible": true,
        "bindable": true,
        "required": true,
        "datatype": "System.String",
        "description": "Specify ID.",
        "ui_EditorType": "Textbox",
        "ui_category": "Subscribe Mode Properties",
        "ui_displayName": "ID",
        "param_type": "Path",
        "ui_source": "operation"
      },
      {
        "name": "name",
        "value": "",
        "isVisible": true,
        "bindable": true,
        "required": true,
        "datatype": "System.String",
        "description": "Name parameter must be globally unique and cannot exceed 255 characters.",
        "ui_EditorType": "Textbox",
        "ui_category": "Subscribe Mode Properties",
        "ui_displayName": "Name",
        "param_type": "BodyParam",
        "ui_source": "operation"
      },
      {
        "name": "folder",
        "value": "",
        "isVisible": true,
        "bindable": true,
        "required": true,
        "datatype": "System.String",
        "description": "Folder parameter is the parent folder.",
        "ui_EditorType": "Textbox",
        "ui_category": "Subscribe Mode Properties",
        "ui_displayName": "Folder",
        "param_type": "BodyParam",
        "ui_source": "operation"
      },
      {
        "name": "description",
        "value": "",
        "isVisible": true,
        "bindable": true,
        "required": false,
        "datatype": "System.String",
        "description": "Specify description Value.",
        "ui_EditorType": "Textbox",
        "ui_category": "Subscribe Mode Properties",
        "ui_displayName": "Description",
        "param_type": "BodyParam",
        "ui_source": "operation"
      }
    ]
  },
  {
    "operation": "Approve Program",
    "description": "",
    "operationId": "approveProgramUsingPOST",
    "operationApiType": "POST",
    "operationPath": "/rest/asset/v1/program/{id}/approve.json",
    "operationSummary": "Approve Program",
    "operationDescription": "Approves the target program.  Only valid for unapproved email programs.  Required Permissions: Read-Write Assets",
    "deprecated": false,
    "adapterProperties": [
      {
        "name": "AdapterMode",
        "key": "",
        "value": "Solicit Response"
      }
    ],
    "parameters": [
      {
        "name": "{id}",
        "value": "",
        "isVisible": true,
        "bindable": true,
        "required": true,
        "datatype": "System.String",
        "description": "Specify ID.",
        "ui_EditorType": "Textbox",
        "ui_category": "Subscribe Mode Properties",
        "ui_displayName": "ID",
        "param_type": "Path",
        "ui_source": "operation"
      }
    ]
  },
  {
    "operation": "Unapprove Program",
    "description": "",
    "operationId": "unapproveProgramUsingPOST",
    "operationApiType": "POST",
    "operationPath": "/rest/asset/v1/program/{id}/unapprove.json",
    "operationSummary": "Unapprove Program",
    "operationDescription": "Unapproves the target program.  Only valid for approved email programs.  Required Permissions: Read-Write Assets",
    "deprecated": false,
    "adapterProperties": [
      {
        "name": "AdapterMode",
        "key": "",
        "value": "Solicit Response"
      }
    ],
    "parameters": [
      {
        "name": "{id}",
        "value": "",
        "isVisible": true,
        "bindable": true,
        "required": true,
        "datatype": "System.String",
        "description": "Specify ID.",
        "ui_EditorType": "Textbox",
        "ui_category": "Subscribe Mode Properties",
        "ui_displayName": "ID",
        "param_type": "Path",
        "ui_source": "operation"
      }
    ]
  },
  {
    "operation": "Update Program Metadata",
    "description": "",
    "operationId": "updateProgramUsingPOST",
    "operationApiType": "POST",
    "operationPath": "/rest/asset/v1/program/{id}.json",
    "operationSummary": "Update Program Metadata",
    "operationDescription": "Updates the target program's metadata.  Required Permissions: Read-Write Assets",
    "deprecated": false,
    "adapterProperties": [
      {
        "name": "AdapterMode",
        "key": "",
        "value": "Solicit Response"
      }
    ],
    "parameters": [
      {
        "name": "{id}",
        "value": "",
        "isVisible": true,
        "bindable": true,
        "required": true,
        "datatype": "System.String",
        "description": "Required, A unique identifier for the program to be updated.",
        "ui_EditorType": "Textbox",
        "ui_category": "Subscribe Mode Properties",
        "ui_displayName": "ID",
        "param_type": "Path",
        "ui_source": "operation"
      }
    ]
  },
  {
    "operation": "Create Export Program Member Job",
    "description": "",
    "operationId": "createExportProgramMembersUsingPOS",
    "operationApiType": "POST",
    "operationPath": "/bulk/v1/program/members/export/create.json",
    "operationSummary": "Create Export Program Member Job",
    "operationDescription": "Create export job for search criteria defined via \"filter\" parameter.  Request returns the \"exportId\" which is passed as a parameter in subsequent calls to Bulk Export Program Members endpoints.  Use Enqueue Export Program Member Job endpoint to queue the export job for processing.  Use Get Export Program Member Job Status endpoint to retrieve status of export job.  Required Permissions: Read-Only Lead",
    "deprecated": false,
    "adapterProperties": [
      {
        "name": "AdapterMode",
        "key": "",
        "value": "Solicit Response"
      }
    ],
    "parameters": [
      {
        "name": "Body",
        "value": "",
        "param_type": "Param",
        "isVisible": false,
        "bindable": true,
        "required": true,
        "datatype": "System.String",
        "description": "Specify the content of the body to upload.",
        "ui_source": "operation",
        "ui_EditorType": "TextArea",
        "ui_category": "Subscribe Mode Properties",
        "ui_displayName": "Body Content"
      },
      {
        "name": "BodyType",
        "value": "Raw",
        "param_type": "Param",
        "ui_source": "operation"
      },
      {
        "name": "BodyFormat",
        "value": "XML",
        "param_type": "Param",
        "ui_source": "operation"
      }
    ]
  },
  {
    "operation": "Enqueue Export Program Member Job",
    "description": "",
    "operationId": "enqueueExportProgramMembersUsingPOST",
    "operationApiType": "POST",
    "operationPath": "/bulk/v1/program/members/export/{exportId}/enqueue.json",
    "operationSummary": "Enqueue Export Program Member Job",
    "operationDescription": "Enqueue export job. This will place export job in queue, and will start the job when computing resources become available.  The export job must be in \"Created\" state.  Use Get Export Program Member Job Status endpoint to retrieve status of export job.  Required Permissions: Read-Only Lead",
    "deprecated": false,
    "adapterProperties": [
      {
        "name": "AdapterMode",
        "key": "",
        "value": "Solicit Response"
      }
    ],
    "parameters": [
      {
        "name": "{exportId}",
        "value": "",
        "isVisible": true,
        "bindable": true,
        "required": true,
        "datatype": "System.String",
        "description": "Id of export batch job.",
        "ui_EditorType": "Textbox",
        "ui_category": "Subscribe Mode Properties",
        "ui_displayName": "Export ID",
        "param_type": "Path",
        "ui_source": "operation"
      },
      {
        "name": "Body",
        "value": "",
        "param_type": "Param",
        "isVisible": false,
        "bindable": true,
        "required": true,
        "datatype": "System.String",
        "description": "Specify the content of the body to upload.",
        "ui_source": "operation",
        "ui_EditorType": "TextArea",
        "ui_category": "Subscribe Mode Properties",
        "ui_displayName": "Body Content"
      },
      {
        "name": "BodyType",
        "value": "Raw",
        "param_type": "Param",
        "ui_source": "operation"
      },
      {
        "name": "BodyFormat",
        "value": "XML",
        "param_type": "Param",
        "ui_source": "operation"
      }
    ]
  },
  {
    "operation": "Get Export Program Member Job Status",
    "description": "",
    "operationId": "getExportProgramMembersStatusUsingGET",
    "operationApiType": "GET",
    "operationPath": "/bulk/v1/program/members/export/{exportId}/status.json",
    "operationSummary": "Get Export Program Member Job Status",
    "operationDescription": "Returns status of an export job.  Job status is available for 30 days after Completed or Failed status was reached. Required Permissions: Read-Only Lead",
    "deprecated": false,
    "adapterProperties": [
      {
        "name": "AdapterMode",
        "key": "",
        "value": "Solicit Response"
      }
    ],
    "parameters": [
      {
        "name": "{exportId}",
        "value": "",
        "isVisible": true,
        "bindable": true,
        "required": true,
        "datatype": "System.String",
        "description": "Id of export batch job.",
        "ui_EditorType": "Textbox",
        "ui_category": "Subscribe Mode Properties",
        "ui_displayName": "Export ID",
        "param_type": "Path",
        "ui_source": "operation"
      }
    ]
  },
  {
    "operation": "Get Smart List by Id",
    "description": "",
    "operationId": "getSmartListByIdUsingGET",
    "operationApiType": "GET",
    "operationPath": "/rest/asset/v1/smartList/{id}.json",
    "operationSummary": "Get Smart List by Id",
    "operationDescription": "Retrieves a Smart List record by its id. Required Permissions: Read-Asset or Read-Write Asset",
    "deprecated": false,
    "adapterProperties": [
      {
        "name": "AdapterMode",
        "key": "",
        "value": "Solicit Response"
      }
    ],
    "parameters": [
      {
        "name": "{id}",
        "value": "",
        "isVisible": true,
        "bindable": true,
        "required": true,
        "datatype": "System.String",
        "description": "Id of the smart list to retrieve.",
        "ui_EditorType": "Textbox",
        "ui_category": "Subscribe Mode Properties",
        "ui_displayName": "ID",
        "param_type": "Path",
        "ui_source": "operation"
      },
      {
        "name": "includeRules",
        "value": "",
        "isVisible": true,
        "bindable": true,
        "required": false,
        "datatype": "System.String",
        "description": "Set true to populate smart list rules. Default false.",
        "ui_EditorType": "Textbox",
        "ui_category": "Subscribe Mode Properties",
        "ui_displayName": "Include Rules",
        "param_type": "Param",
        "ui_source": "operation"
      }
    ]
  },
  {
    "operation": "Get Smart List by Name",
    "description": "",
    "operationId": "getSmartListByNameUsingGET",
    "operationApiType": "GET",
    "operationPath": "/rest/asset/v1/smartList/byName.json",
    "operationSummary": "Get Smart List by Name",
    "operationDescription": "Retrieves a Smart List record by its name. Required Permissions: Read-Asset or Read-Write Asset",
    "deprecated": false,
    "adapterProperties": [
      {
        "name": "AdapterMode",
        "key": "",
        "value": "Solicit Response"
      }
    ],
    "parameters": [
      {
        "name": "name",
        "value": "",
        "isVisible": true,
        "bindable": true,
        "required": true,
        "datatype": "System.String",
        "description": "Name of smart list to retrieve.",
        "ui_EditorType": "Textbox",
        "ui_category": "Subscribe Mode Properties",
        "ui_displayName": "Name",
        "param_type": "UrlParam",
        "ui_source": "operation"
      }
    ]
  },
  {
    "operation": "Get Smart List by Program Id",
    "description": "",
    "operationId": "getSmartListByProgramIdUsingGET",
    "operationApiType": "GET",
    "operationPath": "/rest/asset/v1/program/{programId}/smartList.json",
    "operationSummary": "Get Smart List by Program Id",
    "operationDescription": "Retrieves a Smart List record by its Email Program id. Required Permissions: Read-Asset or Read-Write Asset",
    "deprecated": false,
    "adapterProperties": [
      {
        "name": "AdapterMode",
        "key": "",
        "value": "Solicit Response"
      }
    ],
    "parameters": [
      {
        "name": "{programId}",
        "value": "",
        "isVisible": true,
        "bindable": true,
        "required": true,
        "datatype": "System.String",
        "description": "Id for the email program containing smart list to retrieve.",
        "ui_EditorType": "Textbox",
        "ui_category": "Subscribe Mode Properties",
        "ui_displayName": "Program Id",
        "param_type": "Path",
        "ui_source": "operation"
      }
    ]
  },
  {
    "operation": "Get Smart Lists",
    "description": "",
    "operationId": "getSmartListsUsingGET",
    "operationApiType": "GET",
    "operationPath": "/rest/asset/v1/smartLists.json",
    "operationSummary": "Get Smart Lists",
    "operationDescription": "Retrieves a list of user created Smart List records. Required Permissions: Read-Asset or Read-Write Asset",
    "deprecated": false,
    "adapterProperties": [
      {
        "name": "AdapterMode",
        "key": "",
        "value": "Solicit Response"
      }
    ],
    "parameters": []
  },
  {
    "operation": "Clone Smart List",
    "description": "",
    "operationId": "cloneSmartListUsingPOST",
    "operationApiType": "POST",
    "operationPath": "/rest/asset/v1/smartList/{id}/clone.json",
    "operationSummary": "Clone Smart List",
    "operationDescription": "Clones the designated Smart List. Required Permissions: Read-Write Asset",
    "deprecated": false,
    "adapterProperties": [
      {
        "name": "AdapterMode",
        "key": "",
        "value": "Solicit Response"
      }
    ],
    "parameters": [
      {
        "name": "{id}",
        "value": "",
        "isVisible": true,
        "bindable": true,
        "required": true,
        "datatype": "System.String",
        "description": "Id of smart list to clone.",
        "ui_EditorType": "Textbox",
        "ui_category": "Subscribe Mode Properties",
        "ui_displayName": "ID",
        "param_type": "Path",
        "ui_source": "operation"
      },
      {
        "name": "name",
        "value": "",
        "isVisible": true,
        "bindable": true,
        "required": true,
        "datatype": "System.String",
        "description": "Specify name.",
        "ui_EditorType": "Textbox",
        "ui_category": "Subscribe Mode Properties",
        "ui_displayName": "Name",
        "param_type": "BodyParam",
        "ui_source": "operation"
      },
      {
        "name": "folder",
        "value": "",
        "isVisible": true,
        "bindable": true,
        "required": true,
        "datatype": "System.String",
        "description": "Specify folder name.",
        "ui_EditorType": "Textbox",
        "ui_category": "Subscribe Mode Properties",
        "ui_displayName": "Folder",
        "param_type": "BodyParam",
        "ui_source": "operation"
      }
    ]
  },
  {
    "operation": "Delete Smart List",
    "description": "",
    "operationId": "deleteSmartListByIdUsingPOST",
    "operationApiType": "POST",
    "operationPath": "/rest/asset/v1/smartList/{id}/delete.json",
    "operationSummary": "Delete Smart List",
    "operationDescription": "Deletes the designated Smart List. Required Permissions: Read-Write Asset",
    "deprecated": false,
    "adapterProperties": [
      {
        "name": "AdapterMode",
        "key": "",
        "value": "Solicit Response"
      }
    ],
    "parameters": [
      {
        "name": "{id}",
        "value": "",
        "isVisible": true,
        "bindable": true,
        "required": true,
        "datatype": "System.String",
        "description": "Id of the smart list to delete.",
        "ui_EditorType": "Textbox",
        "ui_category": "Subscribe Mode Properties",
        "ui_displayName": "ID",
        "param_type": "Path",
        "ui_source": "operation"
      }
    ]
  },
  {
    "operation": "Get Files",
    "description": "",
    "operationId": "getFilesUsingGET",
    "operationApiType": "GET",
    "operationPath": "rest/asset/v1/files.json",
    "operationSummary": "Get Files",
    "operationDescription": "Returns the files from the given folder. Required Permissions: Read-Only Assets, Read-Write Assets",
    "deprecated": false,
    "adapterProperties": [
      {
        "name": "AdapterMode",
        "key": "",
        "value": "Solicit Response"
      }
    ],
    "parameters": []
  },
  {
    "operation": "Get File by Name",
    "description": "",
    "operationId": "getFileByNameUsingGET",
    "operationApiType": "GET",
    "operationPath": "/rest/asset/v1/file/byName.json",
    "operationSummary": "Get File by Name",
    "operationDescription": "Returns files records for the given name.  Required Permissions: Read-Only Assets, Read-Write Assets",
    "deprecated": false,
    "adapterProperties": [
      {
        "name": "AdapterMode",
        "key": "",
        "value": "Solicit Response"
      }
    ],
    "parameters": [
      {
        "name": "name",
        "value": "",
        "isVisible": true,
        "bindable": true,
        "required": true,
        "datatype": "System.String",
        "description": "Name of the file.",
        "ui_EditorType": "Textbox",
        "ui_category": "Subscribe Mode Properties",
        "ui_displayName": "Name",
        "param_type": "UrlParam",
        "ui_source": "operation"
      }
    ]
  },
  {
    "operation": "Get File by Id",
    "description": "",
    "operationId": "getFileByIdUsingGET",
    "operationApiType": "GET",
    "operationPath": "/rest/asset/v1/file/{id}.json",
    "operationSummary": "Get File by Id",
    "operationDescription": "Returns the file record for the given id.  Required Permissions: Read-Only Assets, Read-Write Assets",
    "deprecated": false,
    "adapterProperties": [
      {
        "name": "AdapterMode",
        "key": "",
        "value": "Solicit Response"
      }
    ],
    "parameters": [
      {
        "name": "{id}",
        "value": "",
        "isVisible": true,
        "bindable": true,
        "required": true,
        "datatype": "System.String",
        "description": "Id for file in database.",
        "ui_EditorType": "Textbox",
        "ui_category": "Subscribe Mode Properties",
        "ui_displayName": "ID",
        "param_type": "Path",
        "ui_source": "operation"
      }
    ]
  },
  {
    "operation": "Create File",
    "description": "",
    "operationId": "createFileUsingPOST",
    "operationApiType": "POST",
    "operationPath": "/rest/asset/v1/files.json",
    "operationSummary": "Create File",
    "operationDescription": "Creates a new file from the included payload. Required Permissions: Read-Write Assets",
    "deprecated": false,
    "adapterProperties": [
      {
        "name": "AdapterMode",
        "key": "",
        "value": "Solicit Response"
      }
    ],
    "parameters": [
      {
        "name": "BodyType",
        "value": "FormData",
        "param_type": "Param",
        "ui_source": "operation"
      },
      {
        "name": "name",
        "value": "",
        "isVisible": true,
        "bindable": true,
        "required": true,
        "datatype": "System.String",
        "description": "Specify name.",
        "ui_EditorType": "Textbox",
        "ui_category": "Subscribe Mode Properties",
        "ui_displayName": "Name",
        "param_type": "BodyParam",
        "ui_source": "operation"
      },

      {
        "name": "description",
        "value": "",
        "isVisible": true,
        "bindable": true,
        "required": false,
        "datatype": "System.String",
        "description": "Specify description Value.",
        "ui_EditorType": "Textbox",
        "ui_category": "Subscribe Mode Properties",
        "ui_displayName": "Description",
        "param_type": "BodyParam",
        "ui_source": "operation"
      }
    ]
  },
  {
    "operation": "Get Static Lists",
    "description": "",
    "operationId": "getStaticListsUsingGET",
    "operationApiType": "GET",
    "operationPath": "/rest/asset/v1/staticLists.json",
    "operationSummary": "Get Static Lists",
    "operationDescription": "Retrieves a list of Static List records. Required Permissions: Read-Asset or Read-Write Asset",
    "deprecated": false,
    "adapterProperties": [
      {
        "name": "AdapterMode",
        "key": "",
        "value": "Solicit Response"
      }
    ],
    "parameters": []
  },
  {
    "operation": "Get Static List by Id",
    "description": "",
    "operationId": "getStaticListByIdUsingGET",
    "operationApiType": "GET",
    "operationPath": "/rest/asset/v1/staticList/{id}.json",
    "operationSummary": "Get Static List by Id",
    "operationDescription": "Retrieves a Static List record by its id. Required Permissions: Read-Asset or Read-Write Asset",
    "deprecated": false,
    "adapterProperties": [
      {
        "name": "AdapterMode",
        "key": "",
        "value": "Solicit Response"
      }
    ],
    "parameters": [
      {
        "name": "{id}",
        "value": "",
        "isVisible": true,
        "bindable": true,
        "required": true,
        "datatype": "System.String",
        "description": "Id of the static list to retrieve.",
        "ui_EditorType": "Textbox",
        "ui_category": "Subscribe Mode Properties",
        "ui_displayName": "ID",
        "param_type": "Path",
        "ui_source": "operation"
      }
    ]
  },
  {
    "operation": "Get Static List by Name",
    "description": "",
    "operationId": "getStaticListByNameUsingGET",
    "operationApiType": "GET",
    "operationPath": "/rest/asset/v1/staticList/byName.json",
    "operationSummary": "Get Static List by Name",
    "operationDescription": "Retrieves a Static List record by its name. Required Permissions: Read-Asset or Read-Write Asset",
    "deprecated": false,
    "adapterProperties": [
      {
        "name": "AdapterMode",
        "key": "",
        "value": "Solicit Response"
      }
    ],
    "parameters": [
      {
        "name": "name",
        "value": "",
        "isVisible": true,
        "bindable": true,
        "required": false,
        "datatype": "System.String",
        "description": "Name of static list to retrieve.",
        "ui_EditorType": "Textbox",
        "ui_category": "Subscribe Mode Properties",
        "ui_displayName": "Name",
        "param_type": "UrlParam",
        "ui_source": "operation"
      }
    ]
  },
  {
    "operation": "Create Static List",
    "description": "",
    "operationId": "createStaticListUsingPOST",
    "operationApiType": "POST",
    "operationPath": "/rest/asset/v1/staticLists.json",
    "operationSummary": "Create Static List",
    "operationDescription": "Creates a new Static List.  Required Permissions: Read-Write Assets",
    "deprecated": false,
    "adapterProperties": [
      {
        "name": "AdapterMode",
        "key": "",
        "value": "Solicit Response"
      }
    ],
    "parameters": [
      {
        "name": "name",
        "value": "",
        "isVisible": true,
        "bindable": true,
        "required": true,
        "datatype": "System.String",
        "description": "Specify name.",
        "ui_EditorType": "Textbox",
        "ui_category": "Subscribe Mode Properties",
        "ui_displayName": "Name",
        "param_type": "BodyParam",
        "ui_source": "operation"
      },
      {
        "name": "folder",
        "value": "",
        "isVisible": true,
        "bindable": true,
        "required": true,
        "datatype": "System.String",
        "description": "Specify folder name.",
        "ui_EditorType": "Textbox",
        "ui_category": "Subscribe Mode Properties",
        "ui_displayName": "Folder",
        "param_type": "BodyParam",
        "ui_source": "operation"
      },
      {
        "name": "BodyType",
        "value": "UrlEncoded",
        "param_type": "Param",
        "ui_source": "operation"
      },
      {
        "name": "BodyFormat",
        "value": "XML",
        "param_type": "Param",
        "ui_source": "operation"
      }
    ]
  },
  {
    "operation": "Update Static List Metadata",
    "description": "",
    "operationId": "updateStaticListUsingPOST",
    "operationApiType": "POST",
    "operationPath": "/rest/asset/v1/staticList/{id}.json",
    "operationSummary": "Update Static List Metadata",
    "operationDescription": "Updates the metadata of a static list asset.  Required Permissions: Read-Write Assets",
    "deprecated": false,
    "adapterProperties": [
      {
        "name": "AdapterMode",
        "key": "",
        "value": "Solicit Response"
      }
    ],
    "parameters": [
      {
        "name": "{id}",
        "value": "",
        "isVisible": true,
        "bindable": true,
        "required": true,
        "datatype": "System.String",
        "description": "Id of static list to update.",
        "ui_EditorType": "Textbox",
        "ui_category": "Subscribe Mode Properties",
        "ui_displayName": "ID",
        "param_type": "Path",
        "ui_source": "operation"
      },
      {
        "name": "name",
        "value": "",
        "isVisible": true,
        "bindable": true,
        "required": false,
        "datatype": "System.String",
        "description": "Specify name to update the static list name and must be unique.",
        "ui_EditorType": "Textbox",
        "ui_category": "Subscribe Mode Properties",
        "ui_displayName": "Name",
        "param_type": "BodyParam",
        "ui_source": "operation"
      },
      {
        "name": "description",
        "value": "",
        "isVisible": true,
        "bindable": true,
        "required": false,
        "datatype": "System.String",
        "description": "Specify description to update the static list description.",
        "ui_EditorType": "Textbox",
        "ui_category": "Subscribe Mode Properties",
        "ui_displayName": "Description",
        "param_type": "BodyParam",
        "ui_source": "operation"
      }
    ]
  },
  {
    "operation": "Delete Static List",
    "description": "",
    "operationId": "deleteStaticListByIdUsingPOST",
    "operationApiType": "POST",
    "operationPath": "/rest/asset/v1/staticList/{id}/delete.json",
    "operationSummary": "Delete Static List",
    "operationDescription": "Deletes the designated Static List. Required Permissions: Read-Write Asset",
    "deprecated": false,
    "adapterProperties": [
      {
        "name": "AdapterMode",
        "key": "",
        "value": "Solicit Response"
      }
    ],
    "parameters": [
      {
        "name": "{id}",
        "value": "",
        "isVisible": true,
        "bindable": true,
        "required": true,
        "datatype": "System.String",
        "description": "Id of the static list to delete.",
        "ui_EditorType": "Textbox",
        "ui_category": "Subscribe Mode Properties",
        "ui_displayName": "ID",
        "param_type": "Path",
        "ui_source": "operation"
      }
    ]
  },
  {
    "operation": "Add Leads to List",
    "description": "",
    "operationId": "addLeadsToListUsingPOST",
    "operationApiType": "POST",
    "operationPath": "/rest/v1/lists/{listId}/leads.json",
    "operationSummary": "Add Leads to List",
    "operationDescription": "Adds a given set of person records to a target static list.  There is a limit of 300 lead ids per request.  Required Permissions: Read-Write Lead",
    "deprecated": false,
    "adapterProperties": [
      {
        "name": "AdapterMode",
        "key": "",
        "value": "Solicit Response"
      }
    ],
    "parameters": [
      {
        "name": "{listId}",
        "value": "",
        "isVisible": true,
        "bindable": true,
        "required": true,
        "datatype": "System.String",
        "description": "Id of target list.",
        "ui_EditorType": "Textbox",
        "ui_category": "Subscribe Mode Properties",
        "ui_displayName": "List ID",
        "param_type": "Path",
        "ui_source": "operation"
      },
      {
        "name": "id",
        "value": "",
        "isVisible": true,
        "bindable": true,
        "required": true,
        "datatype": "System.String",
        "description": "Comma-separated list of lead ids to add to the list.",
        "ui_EditorType": "Textbox",
        "ui_category": "Subscribe Mode Properties",
        "ui_displayName": "ID",
        "param_type": "UrlParam",
        "ui_source": "operation"
      }
    ]
  },
  {
    "operation": "Remove from List",
    "description": "",
    "operationId": "removeLeadsFromListUsingDELETE",
    "operationApiType": "DELETE",
    "operationPath": "/rest/v1/lists/{listId}/leads.json",
    "operationSummary": "Remove from List",
    "operationDescription": "Removes a given set of person records from a target static list.  Required Permissions: Read-Write Lead",
    "deprecated": false,
    "adapterProperties": [
      {
        "name": "AdapterMode",
        "key": "",
        "value": "Solicit Response"
      }
    ],
    "parameters": [
      {
        "name": "{listId}",
        "value": "",
        "isVisible": true,
        "bindable": true,
        "required": true,
        "datatype": "System.String",
        "description": "Id of static list to remove leads from.",
        "ui_EditorType": "Textbox",
        "ui_category": "Subscribe Mode Properties",
        "ui_displayName": "List ID",
        "param_type": "Path",
        "ui_source": "operation"
      },
      {
        "name": "id",
        "value": "",
        "isVisible": true,
        "bindable": true,
        "required": true,
        "datatype": "System.String",
        "description": "Specify ID.",
        "ui_EditorType": "Textbox",
        "ui_category": "Subscribe Mode Properties",
        "ui_displayName": "ID",
        "param_type": "UrlParam",
        "ui_source": "operation"
      }
    ]
  },
  {
    "operation": "Delete Program Members",
    "description": "",
    "operationId": "deleteProgramMemberUsingPOST",
    "operationApiType": "POST",
    "operationPath": "/rest/v1/programs/{programId}/members/delete.json",
    "operationSummary": "Delete Program Members",
    "operationDescription": "Delete a list of members from the destination instance.  Required Permissions: Read-Write Lead",
    "deprecated": false,
    "adapterProperties": [
      {
        "name": "AdapterMode",
        "key": "",
        "value": "Solicit Response"
      }
    ],
    "parameters": [
      {
        "name": "{programId}",
        "value": "",
        "isVisible": true,
        "bindable": true,
        "required": true,
        "datatype": "System.String",
        "description": "The id of target program.",
        "ui_EditorType": "Textbox",
        "ui_category": "Subscribe Mode Properties",
        "ui_displayName": "Program Id",
        "param_type": "Path",
        "ui_source": "operation"
      },
      {
        "name": "Body",
        "value": "",
        "param_type": "Param",
        "isVisible": false,
        "bindable": true,
        "required": true,
        "datatype": "System.Byte[]",
        "uiEditor": "FileEditor",
        "ui_source": "operation",
        "ui_EditorType": "FileEditor",
        "ui_category": "Subscribe Mode Properties",
        "ui_displayName": "Body content to append"
      },
      {
        "name": "BodyType",
        "value": "Raw",
        "param_type": "Param",
        "ui_source": "operation"
      },
      {
        "name": "BodyFormat",
        "value": "XML",
        "param_type": "Param",
        "ui_source": "operation"
      }
    ]
  },
  {
    "operation": "Create Program Member Fields",
    "description": "",
    "operationId": "createProgramMemberFieldUsingPOST",
    "operationApiType": "POST",
    "operationPath": "/rest/v1/programs/members/schema/fields.json",
    "operationSummary": "Create Program Member Fields",
    "operationDescription": "Create program member fields in the target instance.  Required Permissions: Read-Write Schema Custom Field",
    "deprecated": false,
    "adapterProperties": [
      {
        "name": "AdapterMode",
        "key": "",
        "value": "Solicit Response"
      }
    ],
    "parameters": [
      {
        "name": "Body",
        "value": "",
        "param_type": "Param",
        "isVisible": false,
        "bindable": true,
        "required": true,
        "datatype": "System.Byte[]",
        "uiEditor": "FileEditor",
        "ui_source": "operation",
        "ui_EditorType": "FileEditor",
        "ui_category": "Subscribe Mode Properties",
        "ui_displayName": "Body content to append"
      },
      {
        "name": "BodyType",
        "value": "Raw",
        "param_type": "Param",
        "ui_source": "operation"
      },
      {
        "name": "BodyFormat",
        "value": "XML",
        "param_type": "Param",
        "ui_source": "operation"
      }
    ]
  },
  {
    "operation": "Update Program Member Field",
    "description": "",
    "operationId": "updateProgramMemberFieldUsingPOST",
    "operationApiType": "POST",
    "operationPath": "/rest/v1/programs/members/schema/fields/{fieldApiName}.json",
    "operationSummary": "Update Program Member Field",
    "operationDescription": "Update metadata for a program member field in the target instance.  See update rules <a href=\"https://developers.marketo.com/rest-api/lead-database/leads/#update_field\">here</a>.  Required Permissions: Read-Write Schema Standard Field, Read-Write Schema Custom Field",
    "deprecated": false,
    "adapterProperties": [
      {
        "name": "AdapterMode",
        "key": "",
        "value": "Solicit Response"
      }
    ],
    "parameters": [
      {
        "name": "{fieldApiName}",
        "value": "",
        "isVisible": true,
        "bindable": true,
        "required": true,
        "datatype": "System.String",
        "description": "The API name of program member field.",
        "ui_EditorType": "Textbox",
        "ui_category": "Subscribe Mode Properties",
        "ui_displayName": "Field API Name",
        "param_type": "Path",
        "ui_source": "operation"
      },
      {
        "name": "Body",
        "value": "",
        "param_type": "Param",
        "isVisible": false,
        "bindable": true,
        "required": true,
        "datatype": "System.Byte[]",
        "uiEditor": "FileEditor",
        "ui_source": "operation",
        "ui_EditorType": "FileEditor",
        "ui_category": "Subscribe Mode Properties",
        "ui_displayName": "Body Content to Append"
      },
      {
        "name": "BodyType",
        "value": "Raw",
        "param_type": "Param",
        "ui_source": "operation"
      },
      {
        "name": "BodyFormat",
        "value": "XML",
        "param_type": "Param",
        "ui_source": "operation"
      }
    ]
  },
  {
    "operation": "Describe Program Member",
    "description": "",
    "operationId": "describeProgramMemberUsingGET2",
    "operationApiType": "GET",
    "operationPath": "/rest/v1/programs/members/describe.json",
    "operationSummary": "Describe Program Member",
    "operationDescription": "Returns metadata about program member objects in the target instance, including a list of all fields available for interaction via the APIs.  Required Permissions: Read-Only Lead, Read-Write Lead",
    "deprecated": false,
    "adapterProperties": [
      {
        "name": "AdapterMode",
        "key": "",
        "value": "Solicit Response"
      }
    ],
    "parameters": []
  },
  {
    "operation": "Sync Program Member Data",
    "description": "",
    "operationId": "syncProgramMemberDataUsingPOST",
    "operationApiType": "POST",
    "operationPath": "/rest/v1/programs/{programId}/members.json",
    "operationSummary": "Sync Program Member Data",
    "operationDescription": "Changes the program member data of a list of leads in a target program. Only existing members of the program may have their data changed with this API. Required Permissions: Read-Write Lead",
    "deprecated": false,
    "adapterProperties": [
      {
        "name": "AdapterMode",
        "key": "",
        "value": "Solicit Response"
      }
    ],
    "parameters": [
      {
        "name": "{programId}",
        "value": "",
        "isVisible": true,
        "bindable": true,
        "required": true,
        "datatype": "System.String",
        "description": "The id of target program.",
        "ui_EditorType": "Textbox",
        "ui_category": "Subscribe Mode Properties",
        "ui_displayName": "Program Id",
        "param_type": "Path",
        "ui_source": "operation"
      },
      {
        "name": "Body",
        "value": "",
        "param_type": "Param",
        "isVisible": false,
        "bindable": true,
        "required": true,
        "datatype": "System.String",
        "description": "Specify the content of the body to upload.",
        "ui_source": "operation",
        "ui_EditorType": "TextArea",
        "ui_category": "Subscribe Mode Properties",
        "ui_displayName": "Body Content"
      },
      {
        "name": "BodyType",
        "value": "Raw",
        "param_type": "Param",
        "ui_source": "operation"
      },
      {
        "name": "BodyFormat",
        "value": "XML",
        "param_type": "Param",
        "ui_source": "operation"
      }
    ]
  },
  {
    "operation": "Sync Program Member Status",
    "description": "",
    "operationId": "syncProgramMemberDataUsingPOST",
    "operationApiType": "POST",
    "operationPath": "/rest/v1/programs/{programId}/members/status.json",
    "operationSummary": "Sync Program Member Status",
    "operationDescription": "Changes the program member status of a list of leads in a target program.  If member is not part of the program, member is added to the program.  Required Permissions: Read-Write Lead",
    "deprecated": false,
    "adapterProperties": [
      {
        "name": "AdapterMode",
        "key": "",
        "value": "Solicit Response"
      }
    ],
    "parameters": [
      {
        "name": "{programId}",
        "value": "",
        "isVisible": true,
        "bindable": true,
        "required": true,
        "datatype": "System.String",
        "description": "The id of target program.",
        "ui_EditorType": "Textbox",
        "ui_category": "Subscribe Mode Properties",
        "ui_displayName": "Program Id",
        "param_type": "Path",
        "ui_source": "operation"
      },
      {
        "name": "Body",
        "value": "",
        "param_type": "Param",
        "isVisible": false,
        "bindable": true,
        "required": true,
        "datatype": "System.String",
        "description": "Specify the content of the body to upload.",
        "ui_source": "operation",
        "ui_EditorType": "TextArea",
        "ui_category": "Subscribe Mode Properties",
        "ui_displayName": "Body Content"
      },
      {
        "name": "BodyType",
        "value": "Raw",
        "param_type": "Param",
        "ui_source": "operation"
      },
      {
        "name": "BodyFormat",
        "value": "XML",
        "param_type": "Param",
        "ui_source": "operation"
      }
    ]
  },
  {
    "operation": "Get Program Member Field by Name",
    "description": "",
    "operationId": "getProgramMemberFieldByNameUsingGET",
    "operationApiType": "GET",
    "operationPath": "/rest/v1/programs/members/schema/fields/{fieldApiName}.json",
    "operationSummary": "Get Program Member Field by Name",
    "operationDescription": "Retrieves metadata for single program member field.  Required Permissions: Read-Write Schema Standard Field, Read-Write Schema Custom Field",
    "deprecated": false,
    "adapterProperties": [
      {
        "name": "AdapterMode",
        "key": "",
        "value": "Solicit Response"
      }
    ],
    "parameters": [
      {
        "name": "{fieldApiName}",
        "value": "",
        "isVisible": true,
        "bindable": true,
        "required": true,
        "datatype": "System.String",
        "description": "The API name of program member field.",
        "ui_EditorType": "Textbox",
        "ui_category": "Subscribe Mode Properties",
        "ui_displayName": "Field API Name",
        "param_type": "Path",
        "ui_source": "operation"
      }
    ]
  },
  {
    "operation": "Get Program Member Fields",
    "description": "",
    "operationId": "getProgramMemberFieldsUsingGET",
    "operationApiType": "GET",
    "operationPath": "/rest/v1/programs/members/schema/fields.json",
    "operationSummary": "Get Program Member Fields",
    "operationDescription": "Retrieves metadata for all program member fields in the target instance.  Required Permissions: Read-Write Schema Standard Field, Read-Write Schema Custom Field",
    "deprecated": false,
    "adapterProperties": [
      {
        "name": "AdapterMode",
        "key": "",
        "value": "Solicit Response"
      }
    ],
    "parameters": [
      {
        "name": "batchSize",
        "value": "",
        "isVisible": true,
        "bindable": true,
        "required": false,
        "datatype": "System.String",
        "description": "The batch size to return. The max and default value is 300.",
        "ui_EditorType": "Textbox",
        "ui_category": "Subscribe Mode Properties",
        "ui_displayName": "Batch Size",
        "param_type": "Param",
        "ui_source": "operation"
      }
    ]
  },
  {
    "operation": "Get Campaigns",
    "description": "",
    "operationId": "getCampaignsUsingGET",
    "operationApiType": "GET",
    "operationPath": "/rest/v1/campaigns.json",
    "operationSummary": "Get Campaigns",
    "operationDescription": "Returns a list of campaign records.  Required Permissions: Read-Only Campaigns, Read-Write Campaigns<br><br><b>Note: This endpoint has been superceded.</b>  Use <a href=\"/rest-api/endpoint-reference/asset-endpoint-reference/#/Smart_Campaigns/getAllSmartCampaignsGET\">Get Smart Campaigns</a> endpoint instead.",
    "deprecated": false,
    "adapterProperties": [
      {
        "name": "AdapterMode",
        "key": "",
        "value": "Solicit Response"
      }
    ],
    "parameters": []
  },
  {
    "operation": "Get Campaign By Id",
    "description": "",
    "operationId": "getCampaignByIdUsingGET",
    "operationApiType": "GET",
    "operationPath": "rest/v1/campaigns/{campaignId}.json",
    "operationSummary": "Get Campaign By Id",
    "operationDescription": "Returns the record of a campaign by its id.  Required Permissions: Read-Only Campaigns, Read-Write Campaigns<br><br><b>Note: This endpoint has been superceded.</b>  Use <a href=\"/rest-api/endpoint-reference/asset-endpoint-reference/#!/Smart_Campaigns/getSmartCampaignByIdUsingGET\">Get Smart Campaign by Id</a> endpoint instead.",
    "deprecated": false,
    "adapterProperties": [
      {
        "name": "AdapterMode",
        "key": "",
        "value": "Solicit Response"
      }
    ],
    "parameters": [
      {
        "name": "{campaignId}",
        "value": "",
        "isVisible": true,
        "bindable": true,
        "required": true,
        "datatype": "System.String",
        "description": "Specify Campaign Id.",
        "ui_EditorType": "Textbox",
        "ui_category": "Subscribe Mode Properties",
        "ui_displayName": "Campaign Id",
        "param_type": "Path",
        "ui_source": "operation"
      }
    ]
  },
  {
    "operation": "Request Campaign",
    "description": "",
    "operationId": "triggerCampaignUsingPOST",
    "operationApiType": "POST",
    "operationPath": "/rest/v1/campaigns/{campaignId}/trigger.json",
    "operationSummary": "Request Campaign",
    "operationDescription": "Passes a set of leads to a trigger campaign to run through the campaign's flow.  The designated campaign must have a Campaign is Requested: Web Service API trigger, and must be active.  My tokens local to the campaign's parent program can be overridden for the run to customize content. A maximum of 100 leads are allowed per call. Required Permissions: Execute Campaign",
    "deprecated": false,
    "adapterProperties": [
      {
        "name": "AdapterMode",
        "key": "",
        "value": "Solicit Response"
      }
    ],
    "parameters": [
      {
        "name": "{campaignId}",
        "value": "",
        "isVisible": true,
        "bindable": true,
        "required": true,
        "datatype": "System.String",
        "description": "The id of the campaign to trigger.",
        "ui_EditorType": "Textbox",
        "ui_category": "Subscribe Mode Properties",
        "ui_displayName": "Campaign Id",
        "param_type": "Path",
        "ui_source": "operation"
      },
      {
        "name": "Body",
        "value": "",
        "param_type": "Param",
        "isVisible": false,
        "bindable": true,
        "required": true,
        "datatype": "System.String",
        "description": "Specify the content of the body to upload.",
        "ui_source": "operation",
        "ui_EditorType": "TextArea",
        "ui_category": "Subscribe Mode Properties",
        "ui_displayName": "Body Content"
      },
      {
        "name": "BodyType",
        "value": "Raw",
        "param_type": "Param",
        "ui_source": "operation"
      },
      {
        "name": "BodyFormat",
        "value": "XML",
        "param_type": "Param",
        "ui_source": "operation"
      }
    ]
  },
  {
    "operation": "Schedule Campaign",
    "description": "",
    "operationId": "scheduleCampaignUsingPOST",
    "operationApiType": "POST",
    "operationPath": "/rest/v1/campaigns/{campaignId}/schedule.json",
    "operationSummary": "Schedule Campaign",
    "operationDescription": "Remotely schedules a batch campaign to run at a given time.  My tokens local to the campaign's parent program can be overridden for the run to customize content.  When using the \"cloneToProgramName\" parameter described below, this endpoint is limited to 20 calls per day. Required Permissions: Execute Campaign",
    "deprecated": false,
    "adapterProperties": [
      {
        "name": "AdapterMode",
        "key": "",
        "value": "Solicit Response"
      }
    ],
    "parameters": [
      {
        "name": "{campaignId}",
        "value": "",
        "isVisible": true,
        "bindable": true,
        "required": true,
        "datatype": "System.String",
        "description": "Id of the batch campaign to schedule.",
        "ui_EditorType": "Textbox",
        "ui_category": "Subscribe Mode Properties",
        "ui_displayName": "Campaign Id",
        "param_type": "Path",
        "ui_source": "operation"
      },
      {
        "name": "Body",
        "value": "",
        "param_type": "Param",
        "isVisible": false,
        "bindable": true,
        "required": true,
        "datatype": "System.String",
        "description": "Specify the content of the body to upload.",
        "ui_source": "operation",
        "ui_EditorType": "TextArea",
        "ui_category": "Subscribe Mode Properties",
        "ui_displayName": "Body Content"
      },
      {
        "name": "BodyType",
        "value": "Raw",
        "param_type": "Param",
        "ui_source": "operation"
      },
      {
        "name": "BodyFormat",
        "value": "XML",
        "param_type": "Param",
        "ui_source": "operation"
      }
    ]
  }
]
