[
  {
    "operation": "Search for Items in the Drive",
    "description": "",
    "operationId": "Search_for_Items_in_the_Drive",
    "operationApiType": "GET",
    "operationPath": "/drive/root/search",
    "operationSummary": "Search for Items in the Drive",
    "operationDescription": "This method allows your app to track changes to a drive and its children over time.",
    "deprecated": false,
    "adapterProperties": [
      {
        "name": "AdapterMode",
        "key": "",
        "value": "API"
      }
    ],
    "parameters": [
      {
        "name": "q",
        "value": "",
        "isVisible": true,
        "bindable": true,
        "required": false,
        "datatype": "System.String",
        "description": "The query text used to search for items. Values may be matched across several fields including filename, metadata, and file content.",
        "ui_EditorType": "Textbox",
        "ui_displayName": "Query Text",
        "param_type": "UrlParam",
        "ui_category": "Subscribe Mode Properties",
        "ui_source": "operation"
      }
    ]
  },
  {
    "operation": "List children under the Drive",
    "description": "",
    "operationId": "List_children_under_the_Drive",
    "operationApiType": "GET",
    "operationPath": "/drive/root/children",
    "operationSummary": "Create a new folder in the signed-in user's OneDrive root folder",
    "operationDescription": "Return a collection of drive root folder in the children relationship of a root.",
    "deprecated": false,
    "adapterProperties": [
      {
        "name": "AdapterMode",
        "key": "",
        "value": "API"
      }
    ],
    "parameters": []
  },
  {
    "operation": "Create a new folder in the signed-in user's OneDrive root folder",
    "description": "",
    "operationId": "create_a_new_folder_in_the_signed_in_users_onedrive_root_folder",
    "operationApiType": "POST",
    "operationPath": "/drive/root/children",
    "operationSummary": "Create a new folder in the signed-in user's OneDrive root folder",
    "operationDescription": "create a new folder in the signed-in user's OneDrive root folder.",
    "deprecated": false,
    "adapterProperties": [
      {
        "name": "AdapterMode",
        "key": "",
        "value": "API"
      }
    ],
    "parameters": [
      {
        "name": "Body",
        "value": "",
        "param_type": "Param",
        "isVisible": false,
        "bindable": true,
        "required": true,
        "datatype": "System.String",
        "description": "Specify the content of the blob to upload.",
        "ui_source": "operation",
        "ui_EditorType": "TextArea",
        "ui_category": "Subscribe Mode Properties",
        "ui_displayName": "Blob Content"
      },
      {
        "name": "BodyType",
        "value": "Raw",
        "param_type": "Param",
        "ui_source": "operation"
      },
      {
        "name": "BodyFormat",
        "value": "XML",
        "param_type": "Param",
        "ui_source": "operation"
      }
    ]
  },
  {
    "operation": "Get item",
    "description": "",
    "operationId": "Get_item",
    "operationApiType": "GET",
    "operationPath": "/drive/items/{item-id}",
    "operationSummary": "Get item",
    "operationDescription": "Retrieve the metadata for a DriveItem in a Drive by ID.",
    "deprecated": false,
    "adapterProperties": [
      {
        "name": "AdapterMode",
        "key": "",
        "value": "API"
      }
    ],
    "parameters": [
      {
        "name": "{item-id}",
        "value": "",
        "isVisible": true,
        "bindable": true,
        "required": true,
        "description": "Specify Item ID .",
        "ui_EditorType": "Textbox",
        "param_type": "Path",
        "ui_category": "Subscribe Mode Properties",
        "ui_source": "operation",
        "datatype": "System.String",
        "ui_displayName": "Item ID"
      }
    ]
  },
  {
    "operation": "Update item",
    "description": "",
    "operationId": "Update_item",
    "operationApiType": "PATCH",
    "operationPath": "/drives/items/{item-id}",
    "operationSummary": "Update item",
    "operationDescription": "Update the metadata for a DriveItem by ID",
    "deprecated": false,
    "adapterProperties": [
      {
        "name": "AdapterMode",
        "key": "",
        "value": "API"
      }
    ],
    "parameters": [
      {
        "name": "{item-id}",
        "value": "",
        "isVisible": true,
        "bindable": true,
        "required": true,
        "description": "Specify Item ID .",
        "ui_EditorType": "Textbox",
        "param_type": "Path",
        "ui_category": "Subscribe Mode Properties",
        "ui_source": "operation",
        "datatype": "System.String",
        "ui_displayName": "Item ID"
      },
      {
        "name": "Body",
        "value": "",
        "param_type": "Param",
        "isVisible": false,
        "bindable": true,
        "required": true,
        "datatype": "System.String",
        "description": "Specify the content of the blob to upload.",
        "ui_source": "operation",
        "ui_EditorType": "TextArea",
        "ui_category": "Subscribe Mode Properties",
        "ui_displayName": "Blob Content"
      },
      {
        "name": "BodyType",
        "value": "Raw",
        "param_type": "Param",
        "ui_source": "operation"
      },
      {
        "name": "BodyFormat",
        "value": "XML",
        "param_type": "Param",
        "ui_source": "operation"
      }
    ]
  },
  {
    "operation": "Delete item",
    "description": "",
    "operationId": "Delete_item",
    "operationApiType": "DELETE",
    "operationPath": "/drives/items/{item-id}",
    "operationSummary": "Delete item",
    "operationDescription": "Delete a DriveItem by using its ID. Note that deleting items using this method will move the items to the recycle bin instead of permanently deleting the item.",
    "deprecated": false,
    "adapterProperties": [
      {
        "name": "AdapterMode",
        "key": "",
        "value": "API"
      }
    ],
    "parameters": [
      {
        "name": "{item-id}",
        "value": "",
        "isVisible": true,
        "bindable": true,
        "required": true,
        "description": "Specify Item ID .",
        "ui_EditorType": "Textbox",
        "param_type": "Path",
        "ui_category": "Subscribe Mode Properties",
        "ui_source": "operation",
        "datatype": "System.String",
        "ui_displayName": "Item ID"
      }
    ]
  },
  {
    "operation": "List children",
    "description": "",
    "operationId": "List_children",
    "operationApiType": "GET",
    "operationPath": "/drive/items/{item-id}/children",
    "operationSummary": "List children",
    "operationDescription": "Return a collection of DriveItems in the children relationship of a DriveItem.",
    "deprecated": false,
    "adapterProperties": [
      {
        "name": "AdapterMode",
        "key": "",
        "value": "API"
      }
    ],
    "parameters": [
      {
        "name": "{item-id}",
        "value": "",
        "isVisible": true,
        "bindable": true,
        "required": true,
        "description": "Specify Item ID .",
        "ui_EditorType": "Textbox",
        "param_type": "Path",
        "ui_category": "Subscribe Mode Properties",
        "ui_source": "operation",
        "datatype": "System.String",
        "ui_displayName": "Item ID"
      }
    ]
  },
  {
    "operation": "Create item",
    "description": "",
    "operationId": "Create_item",
    "operationApiType": "POST",
    "operationPath": "/drive/root/children",
    "operationSummary": "Create item",
    "operationDescription": "Create a new folder or DriveItem in a Drive with a specified parent item.",
    "deprecated": false,
    "adapterProperties": [
      {
        "name": "AdapterMode",
        "key": "",
        "value": "API"
      }
    ],
    "parameters": [
      {
        "name": "Body",
        "value": "",
        "param_type": "Param",
        "isVisible": false,
        "bindable": true,
        "required": true,
        "datatype": "System.String",
        "description": "Specify the content of the blob to upload.",
        "ui_source": "operation",
        "ui_EditorType": "TextArea",
        "ui_category": "Subscribe Mode Properties",
        "ui_displayName": "Blob Content"
      },
      {
        "name": "BodyType",
        "value": "Raw",
        "param_type": "Param",
        "ui_source": "operation"
      },
      {
        "name": "BodyFormat",
        "value": "XML",
        "param_type": "Param",
        "ui_source": "operation"
      }
    ]
  },
  {
    "operation": "Upload content",
    "description": "",
    "operationId": "Upload_content",
    "operationApiType": "PUT",
    "operationPath": "/drive/items/{item-id}/content",
    "operationSummary": "Upload content",
    "operationDescription": "The simple upload API allows you to provide the contents of a new file or update the contents of an existing file in a single API call. This method only supports files up to 4MB in size.",
    "deprecated": false,
    "adapterProperties": [
      {
        "name": "AdapterMode",
        "key": "",
        "value": "API"
      }
    ],
    "parameters": [
      {
        "name": "{item-id}",
        "value": "",
        "isVisible": true,
        "bindable": true,
        "required": true,
        "description": "Specify Item ID .",
        "ui_EditorType": "Textbox",
        "param_type": "Path",
        "ui_category": "Subscribe Mode Properties",
        "ui_source": "operation",
        "datatype": "System.String",
        "ui_displayName": "Item ID"
      },
      {
        "name": "Body",
        "value": "",
        "param_type": "Param",
        "isVisible": false,
        "bindable": true,
        "required": true,
        "datatype": "System.String",
        "description": "Specify the content of the blob to upload.",
        "ui_source": "operation",
        "ui_EditorType": "TextArea",
        "ui_category": "Subscribe Mode Properties",
        "ui_displayName": "Blob Content"
      },
      {
        "name": "BodyType",
        "value": "Raw",
        "param_type": "Param",
        "ui_source": "operation"
      },
      {
        "name": "BodyFormat",
        "value": "XML",
        "param_type": "Param",
        "ui_source": "operation"
      }
    ]
  },
  {
    "operation": "Download content",
    "description": "",
    "operationId": "Download_content",
    "operationApiType": "GET",
    "operationPath": "/drive/items/{item-id}/content",
    "operationSummary": "Download content",
    "operationDescription": "The simple upload API allows you to provide the contents of a new file or update the contents of an existing file in a single API call. This method only supports files up to 4MB in size.",
    "deprecated": false,
    "adapterProperties": [
      {
        "name": "AdapterMode",
        "key": "",
        "value": "API"
      }
    ],
    "parameters": [
      {
        "name": "{item-id}",
        "value": "",
        "isVisible": true,
        "bindable": true,
        "required": true,
        "description": "Specify Item ID .",
        "ui_EditorType": "Textbox",
        "param_type": "Path",
        "ui_category": "Subscribe Mode Properties",
        "ui_source": "operation",
        "datatype": "System.String",
        "ui_displayName": "Item ID"
      }
    ]
  },
  {
    "operation": "Download specific file format",
    "description": "",
    "operationId": "Download_specific_file_format",
    "operationApiType": "GET",
    "operationPath": "/drive/items/{item-id}/content",
    "operationSummary": "Download specific file format",
    "operationDescription": "The simple upload API allows you to provide the contents of a new file or update the contents of an existing file in a single API call. This method only supports files up to 4MB in size.",
    "deprecated": false,
    "adapterProperties": [
      {
        "name": "AdapterMode",
        "key": "",
        "value": "API"
      }
    ],
    "parameters": [
      {
        "name": "{item-id}",
        "value": "",
        "isVisible": true,
        "bindable": true,
        "required": true,
        "description": "Specify Item ID .",
        "ui_EditorType": "Textbox",
        "param_type": "Path",
        "ui_category": "Subscribe Mode Properties",
        "ui_source": "operation",
        "datatype": "System.String",
        "ui_displayName": "Item ID"
      },
      {
        "name": "format",
        "value": "",
        "isVisible": true,
        "bindable": true,
        "required": true,
        "description": "Specify Format",
        "ui_EditorType": "Textbox",
        "param_type": "UrlParam",
        "ui_category": "Subscribe Mode Properties",
        "ui_source": "operation",
        "datatype": "System.String",
        "ui_displayName": "Format"
      }
    ]
  },
  {
    "operation": "Copy item",
    "description": "",
    "operationId": "Copy_item",
    "operationApiType": "POST",
    "operationPath": "/drive/items/{item-id}/copy",
    "operationSummary": "Copy item",
    "operationDescription": "Asynchronously creates a copy of an driveItem (including any children), under a new parent item",
    "deprecated": false,
    "adapterProperties": [
      {
        "name": "AdapterMode",
        "key": "",
        "value": "API"
      }
    ],
    "parameters": [
      {
        "name": "{item-id}",
        "value": "",
        "isVisible": true,
        "bindable": true,
        "required": true,
        "description": "Specify Item ID .",
        "ui_EditorType": "Textbox",
        "param_type": "Path",
        "ui_category": "Subscribe Mode Properties",
        "ui_source": "operation",
        "datatype": "System.String",
        "ui_displayName": "Item ID"
      },
      {
        "name": "Body",
        "value": "",
        "param_type": "Param",
        "isVisible": false,
        "bindable": true,
        "required": true,
        "datatype": "System.String",
        "description": "Specify the content of the blob to upload.",
        "ui_source": "operation",
        "ui_EditorType": "TextArea",
        "ui_category": "Subscribe Mode Properties",
        "ui_displayName": "Blob Content"
      },
      {
        "name": "BodyType",
        "value": "Raw",
        "param_type": "Param",
        "ui_source": "operation"
      },
      {
        "name": "BodyFormat",
        "value": "XML",
        "param_type": "Param",
        "ui_source": "operation"
      }
    ]
  },
  {
    "operation": "Search items",
    "description": "",
    "operationId": "Search_items",
    "operationApiType": "GET",
    "operationPath": "/drive/items/{item-id}/search",
    "operationSummary": "Search items",
    "operationDescription": "Search the hierarchy of items for items matching a query. You can search within a folder hierarchy, a whole drive, or files shared with the current user",
    "deprecated": false,
    "adapterProperties": [
      {
        "name": "AdapterMode",
        "key": "",
        "value": "API"
      }
    ],
    "parameters": [
      {
        "name": "{item-id}",
        "value": "",
        "isVisible": true,
        "bindable": true,
        "required": true,
        "description": "Specify Item ID .",
        "ui_EditorType": "Textbox",
        "param_type": "Path",
        "ui_category": "Subscribe Mode Properties",
        "ui_source": "operation",
        "datatype": "System.String",
        "ui_displayName": "Item ID"
      },
      {
        "name": "q",
        "value": "",
        "isVisible": true,
        "bindable": true,
        "required": false,
        "datatype": "System.String",
        "description": "The query text used to search for items. Values may be matched across several fields including filename, metadata, and file content.",
        "ui_EditorType": "Textbox",
        "ui_displayName": "Query Text",
        "param_type": "UrlParam",
        "ui_category": "Subscribe Mode Properties",
        "ui_source": "operation"
      }
    ]
  },
  {
    "operation": "List thumbnails",
    "description": "",
    "operationId": "List_thumbnails",
    "operationApiType": "GET",
    "operationPath": "/drive/items/{item-id}/thumbnails",
    "operationSummary": "List thumbnails",
    "operationDescription": "Retrieve a collection of ThumbnailSet resources for a DriveItem resource.",
    "deprecated": false,
    "adapterProperties": [
      {
        "name": "AdapterMode",
        "key": "",
        "value": "API"
      }
    ],
    "parameters": [
      {
        "name": "{item-id}",
        "value": "",
        "isVisible": true,
        "bindable": true,
        "required": true,
        "description": "Specify Item ID .",
        "ui_EditorType": "Textbox",
        "param_type": "Path",
        "ui_category": "Subscribe Mode Properties",
        "ui_source": "operation",
        "datatype": "System.String",
        "ui_displayName": "Item ID"
      }
    ]
  },
  {
    "operation": "Get a DriveItem resource",
    "description": "",
    "operationId": "get_a_driveitem_resource",
    "operationApiType": "GET",
    "operationPath": "/drives/{drive-id}/items/{item-id}",
    "operationSummary": "Get a DriveItem resource",
    "operationDescription": "Retrieve the metadata for a DriveItem in a Drive by ID.",
    "deprecated": false,
    "adapterProperties": [
      {
        "name": "AdapterMode",
        "key": "",
        "value": "API"
      }
    ],
    "parameters": [
      {
        "name": "{item-id}",
        "value": "",
        "isVisible": true,
        "bindable": true,
        "required": true,
        "description": "Specify Item ID .",
        "ui_EditorType": "Textbox",
        "param_type": "Path",
        "ui_category": "Subscribe Mode Properties",
        "ui_source": "operation",
        "datatype": "System.String",
        "ui_displayName": "Item ID"
      },
      {
        "name": "{drive-id}",
        "value": "",
        "isVisible": true,
        "bindable": true,
        "required": true,
        "description": "Specify Drive ID .",
        "ui_EditorType": "Textbox",
        "param_type": "Path",
        "ui_category": "Subscribe Mode Properties",
        "ui_source": "operation",
        "datatype": "System.String",
        "ui_displayName": "Drive ID"
      }
    ]
  },
  {
    "operation": "Update DriveItem properties",
    "description": "",
    "operationId": "update_driveitem_properties",
    "operationApiType": "PATCH",
    "operationPath": "/drives/{drive-id}/items/{item-id}",
    "operationSummary": "Update DriveItem properties",
    "operationDescription": "Update the metadata for a DriveItem by ID. You can also use update to move an item to another parent by updating the item's parentReference property.",
    "deprecated": false,
    "adapterProperties": [
      {
        "name": "AdapterMode",
        "key": "",
        "value": "API"
      }
    ],
    "parameters": [
      {
        "name": "{item-id}",
        "value": "",
        "isVisible": true,
        "bindable": true,
        "required": true,
        "description": "Specify Item ID .",
        "ui_EditorType": "Textbox",
        "param_type": "Path",
        "ui_category": "Subscribe Mode Properties",
        "ui_source": "operation",
        "datatype": "System.String",
        "ui_displayName": "Item ID"
      },
      {
        "name": "{drive-id}",
        "value": "",
        "isVisible": true,
        "bindable": true,
        "required": true,
        "description": "Specify Drive ID .",
        "ui_EditorType": "Textbox",
        "param_type": "Path",
        "ui_category": "Subscribe Mode Properties",
        "ui_source": "operation",
        "datatype": "System.String",
        "ui_displayName": "Drive ID"
      },
      {
        "name": "Body",
        "value": "",
        "param_type": "Param",
        "isVisible": false,
        "bindable": true,
        "required": true,
        "datatype": "System.String",
        "description": "Specify the content of the blob to upload.",
        "ui_source": "operation",
        "ui_EditorType": "TextArea",
        "ui_category": "Subscribe Mode Properties",
        "ui_displayName": "Blob Content"
      },
      {
        "name": "BodyType",
        "value": "Raw",
        "param_type": "Param",
        "ui_source": "operation"
      },
      {
        "name": "BodyFormat",
        "value": "XML",
        "param_type": "Param",
        "ui_source": "operation"
      }
    ]
  },
  {
    "operation": "Delete a DriveItem",
    "description": "",
    "operationId": "delete_a_driveitem",
    "operationApiType": "DELETE",
    "operationPath": "/drives/{drive-id}/items/{item-id}",
    "operationSummary": "Delete a DriveItem",
    "operationDescription": "Delete a DriveItem by using its ID. Note that deleting items using this method will move the items to the recycle bin instead of permanently deleting the item.",
    "deprecated": false,
    "adapterProperties": [
      {
        "name": "AdapterMode",
        "key": "",
        "value": "API"
      }
    ],
    "parameters": [
      {
        "name": "{drive-id}",
        "value": "",
        "isVisible": true,
        "bindable": true,
        "required": true,
        "description": "Specify Drive ID .",
        "ui_EditorType": "Textbox",
        "param_type": "Path",
        "ui_category": "Subscribe Mode Properties",
        "ui_source": "operation",
        "datatype": "System.String",
        "ui_displayName": "Drive ID"
      },
      {
        "name": "{item-id}",
        "value": "",
        "isVisible": true,
        "bindable": true,
        "required": true,
        "description": "Specify Item ID .",
        "ui_EditorType": "Textbox",
        "param_type": "Path",
        "ui_category": "Subscribe Mode Properties",
        "ui_source": "operation",
        "datatype": "System.String",
        "ui_displayName": "Item ID"
      }
    ]
  },
  {
    "operation": "Create a new folder in a drive",
    "description": "",
    "operationId": "create_a_new_folder_in_a_drive",
    "operationApiType": "POST",
    "operationPath": "/drives/{drive-id}/items/{parent-item-id}/children",
    "operationSummary": "Create a new folder in a drive",
    "operationDescription": "Create a new folder or DriveItem in a Drive with a specified parent item.",
    "deprecated": false,
    "adapterProperties": [
      {
        "name": "AdapterMode",
        "key": "",
        "value": "API"
      }
    ],
    "parameters": [
      {
        "name": "{parent-item-id}",
        "value": "",
        "isVisible": true,
        "bindable": true,
        "required": true,
        "description": "Specify Parent-Item ID .",
        "ui_EditorType": "Textbox",
        "param_type": "Path",
        "ui_category": "Subscribe Mode Properties",
        "ui_source": "operation",
        "datatype": "System.String",
        "ui_displayName": "Parent-Item ID"
      },
      {
        "name": "{drive-id}",
        "value": "",
        "isVisible": true,
        "bindable": true,
        "required": true,
        "description": "Specify Drive ID .",
        "ui_EditorType": "Textbox",
        "param_type": "Path",
        "ui_category": "Subscribe Mode Properties",
        "ui_source": "operation",
        "datatype": "System.String",
        "ui_displayName": "Drive ID"
      },
      {
        "name": "Body",
        "value": "",
        "param_type": "Param",
        "isVisible": false,
        "bindable": true,
        "required": true,
        "datatype": "System.String",
        "description": "Specify the content of the blob to upload.",
        "ui_source": "operation",
        "ui_EditorType": "TextArea",
        "ui_category": "Subscribe Mode Properties",
        "ui_displayName": "Blob Content"
      },
      {
        "name": "BodyType",
        "value": "Raw",
        "param_type": "Param",
        "ui_source": "operation"
      },
      {
        "name": "BodyFormat",
        "value": "XML",
        "param_type": "Param",
        "ui_source": "operation"
      }
    ]
  },
  {
    "operation": "Upload a new file",
    "description": "",
    "operationId": "upload_a_new_file",
    "operationApiType": "PUT",
    "operationPath": "/drives/{drive-id}/items/{parent-id}:/{filename}:/content",
    "operationSummary": "Upload a new file",
    "operationDescription": "Upload a new file with specified name. This method only supports files up to 4MB in size.",
    "deprecated": false,
    "adapterProperties": [
      {
        "name": "AdapterMode",
        "key": "",
        "value": "API"
      }
    ],
    "parameters": [
      {
        "name": "{drive-id}",
        "value": "",
        "isVisible": true,
        "bindable": true,
        "required": true,
        "description": "Specify Drive ID .",
        "ui_EditorType": "Textbox",
        "param_type": "Path",
        "ui_category": "Subscribe Mode Properties",
        "ui_source": "operation",
        "datatype": "System.String",
        "ui_displayName": "Drive ID"
      },
      {
        "name": "{parent-id}",
        "value": "",
        "isVisible": true,
        "bindable": true,
        "required": true,
        "description": "Specify Parent ID .",
        "ui_EditorType": "Textbox",
        "param_type": "Path",
        "ui_category": "Subscribe Mode Properties",
        "ui_source": "operation",
        "datatype": "System.String",
        "ui_displayName": "Parent ID"
      },
      {
        "name": "{filename}",
        "value": "",
        "isVisible": true,
        "bindable": true,
        "required": true,
        "description": "Specify FileName .",
        "ui_EditorType": "Textbox",
        "param_type": "Path",
        "ui_category": "Subscribe Mode Properties",
        "ui_source": "operation",
        "datatype": "System.String",
        "ui_displayName": "Filename"
      }
    ]
  },
  {
    "operation": "List children of a driveItem",
    "description": "",
    "operationId": "list_children_of_a_driveitem",
    "operationApiType": "GET",
    "operationPath": "/drives/{drive-id}/items/{item-id}/children",
    "operationSummary": "List children of a driveItem",
    "operationDescription": "Return a collection of DriveItems in the children relationship of a DriveItem.",
    "deprecated": false,
    "adapterProperties": [
      {
        "name": "AdapterMode",
        "key": "",
        "value": "API"
      }
    ],
    "parameters": [
      {
        "name": "{drive-id}",
        "value": "",
        "isVisible": true,
        "bindable": true,
        "required": true,
        "description": "Specify Drive ID .",
        "ui_EditorType": "Textbox",
        "param_type": "Path",
        "ui_category": "Subscribe Mode Properties",
        "ui_source": "operation",
        "datatype": "System.String",
        "ui_displayName": "Drive ID"
      },
      {
        "name": "{item-id}",
        "value": "",
        "isVisible": true,
        "bindable": true,
        "required": true,
        "description": "Specify Item ID .",
        "ui_EditorType": "Textbox",
        "param_type": "Path",
        "ui_category": "Subscribe Mode Properties",
        "ui_source": "operation",
        "datatype": "System.String",
        "ui_displayName": "Item ID"
      }
    ]
  },
  {
    "operation": "Download the contents of a DriveItem",
    "description": "",
    "operationId": "download_the_contents_of_a_driveitem",
    "operationApiType": "GET",
    "operationPath": "/drives/{drive-id}/items/{item-id}/content",
    "operationSummary": "Download the contents of a DriveItem",
    "operationDescription": "Download the contents of the primary stream (file) of a DriveItem. Only DriveItems with the file property can be downloaded.",
    "deprecated": false,
    "adapterProperties": [
      {
        "name": "AdapterMode",
        "key": "",
        "value": "API"
      }
    ],
    "parameters": [
      {
        "name": "{item-id}",
        "value": "",
        "isVisible": true,
        "bindable": true,
        "required": true,
        "description": "Specify Item ID .",
        "ui_EditorType": "Textbox",
        "param_type": "Path",
        "ui_category": "Subscribe Mode Properties",
        "ui_source": "operation",
        "datatype": "System.String",
        "ui_displayName": "Item ID"
      },
      {
        "name": "{drive-id}",
        "value": "",
        "isVisible": true,
        "bindable": true,
        "required": true,
        "description": "Specify Drive ID .",
        "ui_EditorType": "Textbox",
        "param_type": "Path",
        "ui_category": "Subscribe Mode Properties",
        "ui_source": "operation",
        "datatype": "System.String",
        "ui_displayName": "Drive ID"
      }
    ]
  },
  {
    "operation": "Copy a DriveItem",
    "description": "",
    "operationId": "copy_a_driveitem",
    "operationApiType": "POST",
    "operationPath": "/drives/{driveId}/items/{itemId}/copy",
    "operationSummary": "Copy a DriveItem",
    "operationDescription": "Asynchronously creates a copy of an driveItem (including any children), under a new parent item or with a new name.",
    "deprecated": false,
    "adapterProperties": [
      {
        "name": "AdapterMode",
        "key": "",
        "value": "API"
      }
    ],
    "parameters": [
      {
        "name": "{itemId}",
        "value": "",
        "isVisible": true,
        "bindable": true,
        "required": true,
        "description": "Specify Item ID .",
        "ui_EditorType": "Textbox",
        "param_type": "Path",
        "ui_category": "Subscribe Mode Properties",
        "ui_source": "operation",
        "datatype": "System.String",
        "ui_displayName": "Item ID"
      },
      {
        "name": "{driveId}",
        "value": "",
        "isVisible": true,
        "bindable": true,
        "required": true,
        "description": "Specify Drive ID .",
        "ui_EditorType": "Textbox",
        "param_type": "Path",
        "ui_category": "Subscribe Mode Properties",
        "ui_source": "operation",
        "datatype": "System.String",
        "ui_displayName": "Drive ID"
      },
      {
        "name": "Body",
        "value": "",
        "param_type": "Param",
        "isVisible": false,
        "bindable": true,
        "required": true,
        "datatype": "System.String",
        "description": "Specify the content of the blob to upload.",
        "ui_source": "operation",
        "ui_EditorType": "TextArea",
        "ui_category": "Subscribe Mode Properties",
        "ui_displayName": "Blob Content"
      },
      {
        "name": "BodyType",
        "value": "Raw",
        "param_type": "Param",
        "ui_source": "operation"
      },
      {
        "name": "BodyFormat",
        "value": "XML",
        "param_type": "Param",
        "ui_source": "operation"
      }
    ]
  },
  {
    "operation": "Get list without site id",
    "description": "",
    "operationId": "Get_list",
    "operationApiType": "GET",
    "operationPath": "/list/{list-id}",
    "operationSummary": "Get list",
    "operationDescription": "Returns the metadata for a list.",
    "deprecated": false,
    "adapterProperties": [
      {
        "name": "AdapterMode",
        "key": "",
        "value": "API"
      }
    ],
    "parameters": [
      {
        "name": "{list-id}",
        "value": "",
        "isVisible": true,
        "bindable": true,
        "required": true,
        "description": "Specify List ID .",
        "ui_EditorType": "Textbox",
        "param_type": "Path",
        "ui_category": "Subscribe Mode Properties",
        "ui_source": "operation",
        "datatype": "System.String",
        "ui_displayName": "List ID"
      }
    ]
  },
  {
    "operation": "Get list with site id",
    "description": "",
    "operationId": "Get_list",
    "operationApiType": "GET",
    "operationPath": "/sites/{site-id}/lists/{list-id}",
    "operationSummary": "Get list",
    "operationDescription": "Returns the metadata for a list.",
    "deprecated": false,
    "adapterProperties": [
      {
        "name": "AdapterMode",
        "key": "",
        "value": "API"
      }
    ],
    "parameters": [
      {
        "name": "{list-id}",
        "value": "",
        "isVisible": true,
        "bindable": true,
        "required": true,
        "description": "Specify List ID .",
        "ui_EditorType": "Textbox",
        "param_type": "Path",
        "ui_category": "Subscribe Mode Properties",
        "ui_source": "operation",
        "datatype": "System.String",
        "ui_displayName": "List ID"
      },
      {
        "name": "{site-id}",
        "value": "",
        "isVisible": true,
        "bindable": true,
        "required": true,
        "description": "Specify Site ID .",
        "ui_EditorType": "Textbox",
        "param_type": "Path",
        "ui_category": "Subscribe Mode Properties",
        "ui_source": "operation",
        "datatype": "System.String",
        "ui_displayName": "Site ID"
      }
    ]
  },
  {
    "operation": "Create list item",
    "description": "",
    "operationId": "Create_list_item",
    "operationApiType": "POST",
    "operationPath": "/sites/{site-id}/lists/{list-id}/items",
    "operationSummary": "Create list item",
    "operationDescription": "Create a new listItem in a list.",
    "deprecated": false,
    "adapterProperties": [
      {
        "name": "AdapterMode",
        "key": "",
        "value": "API"
      }
    ],
    "parameters": [
      {
        "name": "{list-id}",
        "value": "",
        "isVisible": true,
        "bindable": true,
        "required": true,
        "description": "Specify List ID .",
        "ui_EditorType": "Textbox",
        "param_type": "Path",
        "ui_category": "Subscribe Mode Properties",
        "ui_source": "operation",
        "datatype": "System.String",
        "ui_displayName": "List ID"
      },
      {
        "name": "{site-id}",
        "value": "",
        "isVisible": true,
        "bindable": true,
        "required": true,
        "description": "Specify site ID .",
        "ui_EditorType": "Textbox",
        "param_type": "Path",
        "ui_category": "Subscribe Mode Properties",
        "ui_source": "operation",
        "datatype": "System.String",
        "ui_displayName": "Site ID"
      },
      {
        "name": "Body",
        "value": "",
        "param_type": "Param",
        "isVisible": false,
        "bindable": true,
        "required": true,
        "datatype": "System.String",
        "description": "Specify the content of the blob to upload.",
        "ui_source": "operation",
        "ui_EditorType": "TextArea",
        "ui_category": "Subscribe Mode Properties",
        "ui_displayName": "Blob Content"
      },
      {
        "name": "BodyType",
        "value": "Raw",
        "param_type": "Param",
        "ui_source": "operation"
      },
      {
        "name": "BodyFormat",
        "value": "XML",
        "param_type": "Param",
        "ui_source": "operation"
      }
    ]
  },
  {
    "operation": "Enumerate list items without site id",
    "description": "",
    "operationId": "Enumerate_list_items",
    "operationApiType": "GET",
    "operationPath": "/list/{list-id}/item",
    "operationSummary": "Enumerate list items",
    "operationDescription": "Get the collection of items in a list.",
    "deprecated": false,
    "adapterProperties": [
      {
        "name": "AdapterMode",
        "key": "",
        "value": "API"
      }
    ],
    "parameters": [
      {
        "name": "{list-id}",
        "value": "",
        "isVisible": true,
        "bindable": true,
        "required": true,
        "description": "Specify List ID .",
        "ui_EditorType": "Textbox",
        "param_type": "Path",
        "ui_category": "Subscribe Mode Properties",
        "ui_source": "operation",
        "datatype": "System.String",
        "ui_displayName": "List ID"
      }
    ]
  },
  {
    "operation": "Enumerate list items with site id",
    "description": "",
    "operationId": "Enumerate_list_items",
    "operationApiType": "GET",
    "operationPath": "sites/{site-id}/lists/{list-id}/items",
    "operationSummary": "Enumerate list items",
    "operationDescription": "Get the collection of items in a list.",
    "deprecated": false,
    "adapterProperties": [
      {
        "name": "AdapterMode",
        "key": "",
        "value": "API"
      }
    ],
    "parameters": [
      {
        "name": "{list-id}",
        "value": "",
        "isVisible": true,
        "bindable": true,
        "required": true,
        "description": "Specify List ID .",
        "ui_EditorType": "Textbox",
        "param_type": "Path",
        "ui_category": "Subscribe Mode Properties",
        "ui_source": "operation",
        "datatype": "System.String",
        "ui_displayName": "List ID"
      },
      {
        "name": "{site-id}",
        "value": "",
        "isVisible": true,
        "bindable": true,
        "required": true,
        "description": "Specify site ID .",
        "ui_EditorType": "Textbox",
        "param_type": "Path",
        "ui_category": "Subscribe Mode Properties",
        "ui_source": "operation",
        "datatype": "System.String",
        "ui_displayName": "Site ID"
      }
    ]
  },
  {
    "operation": "Delete list item",
    "description": "",
    "operationId": "Delete_list_item",
    "operationApiType": "DELETE",
    "operationPath": "/lists/{list-id}/items/{item-id}",
    "operationSummary": "Delete list item",
    "operationDescription": "Removes an item from a list.",
    "deprecated": false,
    "adapterProperties": [
      {
        "name": "AdapterMode",
        "key": "",
        "value": "API"
      }
    ],
    "parameters": [
      {
        "name": "{item-id}",
        "value": "",
        "isVisible": true,
        "bindable": true,
        "required": true,
        "description": "Specify Item ID .",
        "ui_EditorType": "Textbox",
        "param_type": "Path",
        "ui_category": "Subscribe Mode Properties",
        "ui_source": "operation",
        "datatype": "System.String",
        "ui_displayName": "Item ID"
      },
      {
        "name": "{list-id}",
        "value": "",
        "isVisible": true,
        "bindable": true,
        "required": true,
        "description": "Specify List ID .",
        "ui_EditorType": "Textbox",
        "param_type": "Path",
        "ui_category": "Subscribe Mode Properties",
        "ui_source": "operation",
        "datatype": "System.String",
        "ui_displayName": "List ID"
      }
    ]
  },
  {
    "operation": "Update list item",
    "description": "",
    "operationId": "Update_list_item",
    "operationApiType": "PATCH",
    "operationPath": "/lists/{list-id}/items/{item-id}/fields",
    "operationSummary": "Update list item",
    "operationDescription": "Update the properties on a listItem.",
    "deprecated": false,
    "adapterProperties": [
      {
        "name": "AdapterMode",
        "key": "",
        "value": "API"
      }
    ],
    "parameters": [
      {
        "name": "{item-id}",
        "value": "",
        "isVisible": true,
        "bindable": true,
        "required": true,
        "description": "Specify Item ID .",
        "ui_EditorType": "Textbox",
        "param_type": "Path",
        "ui_category": "Subscribe Mode Properties",
        "ui_source": "operation",
        "datatype": "System.String",
        "ui_displayName": "Item ID"
      },
      {
        "name": "{list-id}",
        "value": "",
        "isVisible": true,
        "bindable": true,
        "required": true,
        "description": "Specify List ID .",
        "ui_EditorType": "Textbox",
        "param_type": "Path",
        "ui_category": "Subscribe Mode Properties",
        "ui_source": "operation",
        "datatype": "System.String",
        "ui_displayName": "List ID"
      },
      {
        "name": "Body",
        "value": "",
        "param_type": "Param",
        "isVisible": false,
        "bindable": true,
        "required": true,
        "datatype": "System.String",
        "description": "Specify the content of the blob to upload.",
        "ui_source": "operation",
        "ui_EditorType": "TextArea",
        "ui_category": "Subscribe Mode Properties",
        "ui_displayName": "Blob Content"
      },
      {
        "name": "BodyType",
        "value": "Raw",
        "param_type": "Param",
        "ui_source": "operation"
      },
      {
        "name": "BodyFormat",
        "value": "XML",
        "param_type": "Param",
        "ui_source": "operation"
      }
    ]
  },
  {
    "operation": "Get an item in a list without site id",
    "description": "",
    "operationId": "Get_an_item_in_a_list",
    "operationApiType": "GET",
    "operationPath": "/items/{item-id}",
    "operationSummary": "Get an item in a list",
    "operationDescription": "Returns the metadata for an item in a list.",
    "deprecated": false,
    "adapterProperties": [
      {
        "name": "AdapterMode",
        "key": "",
        "value": "API"
      }
    ],
    "parameters": [
      {
        "name": "{item-id}",
        "value": "",
        "isVisible": true,
        "bindable": true,
        "required": true,
        "description": "Specify Item ID .",
        "ui_EditorType": "Textbox",
        "param_type": "Path",
        "ui_category": "Subscribe Mode Properties",
        "ui_source": "operation",
        "datatype": "System.String",
        "ui_displayName": "Item ID"
      }
    ]
  },
  {
    "operation": "Get an item in a list with site id",
    "description": "",
    "operationId": "Get_an_item_in_a_list",
    "operationApiType": "GET",
    "operationPath": "/sites/{site-id}/lists/{list-id}/items/{item-id}",
    "operationSummary": "Get an item in a list",
    "operationDescription": "Returns the metadata for an item in a list.",
    "deprecated": false,
    "adapterProperties": [
      {
        "name": "AdapterMode",
        "key": "",
        "value": "API"
      }
    ],
    "parameters": [
      {
        "name": "{item-id}",
        "value": "",
        "isVisible": true,
        "bindable": true,
        "required": true,
        "description": "Specify Item ID .",
        "ui_EditorType": "Textbox",
        "param_type": "Path",
        "ui_category": "Subscribe Mode Properties",
        "ui_source": "operation",
        "datatype": "System.String",
        "ui_displayName": "Item ID"
      },
      {
        "name": "{site-id}",
        "value": "",
        "isVisible": true,
        "bindable": true,
        "required": true,
        "description": "Specify Site ID .",
        "ui_EditorType": "Textbox",
        "param_type": "Path",
        "ui_category": "Subscribe Mode Properties",
        "ui_source": "operation",
        "datatype": "System.String",
        "ui_displayName": "Site ID"
      },
      {
        "name": "{list-id}",
        "value": "",
        "isVisible": true,
        "bindable": true,
        "required": true,
        "description": "Specify List ID .",
        "ui_EditorType": "Textbox",
        "param_type": "Path",
        "ui_category": "Subscribe Mode Properties",
        "ui_source": "operation",
        "datatype": "System.String",
        "ui_displayName": "List ID"
      }
    ]
  },
  {
    "operation": "Delete an item in a list",
    "description": "",
    "operationId": "Delete_an_item_in_a_list",
    "operationApiType": "DELETE",
    "operationPath": "/items/{item-id}",
    "operationSummary": "Delete an item in a list",
    "operationDescription": "Removes an item from a list.",
    "deprecated": false,
    "adapterProperties": [
      {
        "name": "AdapterMode",
        "key": "",
        "value": "API"
      }
    ],
    "parameters": [
      {
        "name": "{item-id}",
        "value": "",
        "isVisible": true,
        "bindable": true,
        "required": true,
        "description": "Specify Item ID .",
        "ui_EditorType": "Textbox",
        "param_type": "Path",
        "ui_category": "Subscribe Mode Properties",
        "ui_source": "operation",
        "datatype": "System.String",
        "ui_displayName": "Item ID"
      }
    ]
  },
  {
    "operation": "Update an item in a list without site id",
    "description": "",
    "operationId": "Update an item in a list",
    "operationApiType": "PATCH",
    "operationPath": "/lists/{list-id}/items/{item-id}/fields",
    "operationSummary": "Update an item in a list",
    "operationDescription": "Update the properties on a listItem.",
    "deprecated": false,
    "adapterProperties": [
      {
        "name": "AdapterMode",
        "key": "",
        "value": "API"
      }
    ],
    "parameters": [
      {
        "name": "{item-id}",
        "value": "",
        "isVisible": true,
        "bindable": true,
        "required": true,
        "description": "Specify Item ID .",
        "ui_EditorType": "Textbox",
        "param_type": "Path",
        "ui_category": "Subscribe Mode Properties",
        "ui_source": "operation",
        "datatype": "System.String",
        "ui_displayName": "Item ID"
      },
      {
        "name": "Body",
        "value": "",
        "param_type": "Param",
        "isVisible": false,
        "bindable": true,
        "required": true,
        "datatype": "System.String",
        "description": "Specify the content of the blob to upload.",
        "ui_source": "operation",
        "ui_EditorType": "TextArea",
        "ui_category": "Subscribe Mode Properties",
        "ui_displayName": "Blob Content"
      },
      {
        "name": "BodyType",
        "value": "Raw",
        "param_type": "Param",
        "ui_source": "operation"
      },
      {
        "name": "BodyFormat",
        "value": "XML",
        "param_type": "Param",
        "ui_source": "operation"
      }
    ]
  },
  {
    "operation": "Update column values on a listitem with site id",
    "description": "",
    "operationId": "Update column values on a listitem",
    "operationApiType": "PATCH",
    "operationPath": "/sites/{site-id}/lists/{list-id}/items/{item-id}/fields",
    "operationSummary": "Update an item in a list",
    "operationDescription": "Update the column value on a listItem.",
    "deprecated": false,
    "adapterProperties": [
      {
        "name": "AdapterMode",
        "key": "",
        "value": "API"
      }
    ],
    "parameters": [
      {
        "name": "{item-id}",
        "value": "",
        "isVisible": true,
        "bindable": true,
        "required": true,
        "description": "Specify Item ID .",
        "ui_EditorType": "Textbox",
        "param_type": "Path",
        "ui_category": "Subscribe Mode Properties",
        "ui_source": "operation",
        "datatype": "System.String",
        "ui_displayName": "Item ID"
      },
      {
        "name": "{list-id}",
        "value": "",
        "isVisible": true,
        "bindable": true,
        "required": true,
        "description": "Specify List ID .",
        "ui_EditorType": "Textbox",
        "param_type": "Path",
        "ui_category": "Subscribe Mode Properties",
        "ui_source": "operation",
        "datatype": "System.String",
        "ui_displayName": "List ID"
      },
      {
        "name": "Body",
        "value": "",
        "param_type": "Param",
        "isVisible": false,
        "bindable": true,
        "required": true,
        "datatype": "System.String",
        "description": "Specify the content of the blob to upload.",
        "ui_source": "operation",
        "ui_EditorType": "TextArea",
        "ui_category": "Subscribe Mode Properties",
        "ui_displayName": "Blob Content"
      },
      {
        "name": "BodyType",
        "value": "Raw",
        "param_type": "Param",
        "ui_source": "operation"
      },
      {
        "name": "BodyFormat",
        "value": "XML",
        "param_type": "Param",
        "ui_source": "operation"
      },
      {
        "name": "{site-id}",
        "value": "",
        "isVisible": true,
        "bindable": true,
        "required": true,
        "description": "Specify Site ID .",
        "ui_EditorType": "Textbox",
        "param_type": "Path",
        "ui_category": "Subscribe Mode Properties",
        "ui_source": "operation",
        "datatype": "System.String",
        "ui_displayName": "Site ID"
      }
    ]
  },
  {
    "operation": "Create an item in a list",
    "description": "",
    "operationId": "Create_an_item_in_a_list",
    "operationApiType": "POST",
    "operationPath": " /sites/{site-id}/lists/{list-id}/items",
    "operationSummary": "Create an item in a list",
    "operationDescription": "Create a new listItem in a list.",
    "deprecated": false,
    "adapterProperties": [
      {
        "name": "AdapterMode",
        "key": "",
        "value": "API"
      }
    ],
    "parameters": [
      {
        "name": "{list-id}",
        "value": "",
        "isVisible": true,
        "bindable": true,
        "required": true,
        "description": "Specify List ID .",
        "ui_EditorType": "Textbox",
        "param_type": "Path",
        "ui_category": "Subscribe Mode Properties",
        "ui_source": "operation",
        "datatype": "System.String",
        "ui_displayName": "List ID"
      },
      {
        "name": "{site-id}",
        "value": "",
        "isVisible": true,
        "bindable": true,
        "required": true,
        "description": "Specify site ID .",
        "ui_EditorType": "Textbox",
        "param_type": "Path",
        "ui_category": "Subscribe Mode Properties",
        "ui_source": "operation",
        "datatype": "System.String",
        "ui_displayName": "Site ID"
      },
      {
        "name": "Body",
        "value": "",
        "param_type": "Param",
        "isVisible": false,
        "bindable": true,
        "required": true,
        "datatype": "System.String",
        "description": "Specify the content of the blob to upload.",
        "ui_source": "operation",
        "ui_EditorType": "TextArea",
        "ui_category": "Subscribe Mode Properties",
        "ui_displayName": "Blob Content"
      },
      {
        "name": "BodyType",
        "value": "Raw",
        "param_type": "Param",
        "ui_source": "operation"
      },
      {
        "name": "BodyFormat",
        "value": "XML",
        "param_type": "Param",
        "ui_source": "operation"
      }
    ]
  },
  {
    "operation": "Create sharing link",
    "description": "",
    "operationId": "Create_sharing_link",
    "operationApiType": "POST",
    "operationPath": "/drive/items/{item-id}/createLink",
    "operationSummary": "Create sharing link",
    "operationDescription": "You can use createLink action to share a DriveItem via a sharing link.",
    "deprecated": false,
    "adapterProperties": [
      {
        "name": "AdapterMode",
        "key": "",
        "value": "API"
      }
    ],
    "parameters": [
      {
        "name": "{item-id}",
        "value": "",
        "isVisible": true,
        "bindable": true,
        "required": true,
        "description": "Specify Item ID .",
        "ui_EditorType": "Textbox",
        "param_type": "Path",
        "ui_category": "Subscribe Mode Properties",
        "ui_source": "operation",
        "datatype": "System.String",
        "ui_displayName": "Item ID"
      },
      {
        "name": "Body",
        "value": "",
        "param_type": "Param",
        "isVisible": false,
        "bindable": true,
        "required": true,
        "datatype": "System.String",
        "description": "Specify the content of the blob to upload.",
        "ui_source": "operation",
        "ui_EditorType": "TextArea",
        "ui_category": "Subscribe Mode Properties",
        "ui_displayName": "Blob Content"
      },
      {
        "name": "BodyType",
        "value": "Raw",
        "param_type": "Param",
        "ui_source": "operation"
      },
      {
        "name": "BodyFormat",
        "value": "XML",
        "param_type": "Param",
        "ui_source": "operation"
      }
    ]
  }
]
