[
  {
    "operation": "Get entities from items",
    "description": "",
    "operationId": "",
    "operationApiType": "GET",
    "operationPath": "/items",
    "operationSummary": "Get entities from items",
    "operationDescription": "Get entities from items",
    "deprecated": false,
    "adapterProperties": [
      {
        "name": "AdapterMode",
        "key": "",
        "value": "Solicit Response"
      }
    ],
    "parameters": []
  },
  {
    "operation": "Add new entity to items",
    "description": "",
    "operationId": "",
    "operationApiType": "POST",
    "operationPath": "/items",
    "operationSummary": "Add new entity to items",
    "operationDescription": "Add new entity to items",
    "deprecated": false,
    "adapterProperties": [
      {
        "name": "AdapterMode",
        "key": "",
        "value": "Solicit Response"
      }
    ],
    "parameters": [
      {
        "name": "Body",
        "value": "",
        "param_type": "Param",
        "isVisible": false,
        "bindable": true,
        "required": true,
        "datatype": "System.String",
        "ui_source": "operation",
        "ui_category": "Subscribe Mode Properties"
      },
      {
        "name": "BodyType",
        "value": "Raw",
        "param_type": "Param",
        "ui_source": "operation"
      },
      {
        "name": "BodyFormat",
        "value": "XML",
        "param_type": "Param",
        "ui_source": "operation"
      },
      {
        "name": "Content-Type",
        "value": "application/json",
        "param_type": "Header",
        "ui_source": "operation"
      }
    ]
  },
  {
    "operation": "Get entities from customers",
    "description": "",
    "operationId": "",
    "operationApiType": "GET",
    "operationPath": "/customers",
    "operationSummary": "Get entities from customers",
    "operationDescription": "Get entities from customers",
    "deprecated": false,
    "adapterProperties": [
      {
        "name": "AdapterMode",
        "key": "",
        "value": "Solicit Response"
      }
    ],
    "parameters": []
  },
  {
    "operation": "Add new entity to customers",
    "description": "",
    "operationId": "",
    "operationApiType": "POST",
    "operationPath": "/customers",
    "operationSummary": "Add new entity to customers",
    "operationDescription": "Add new entity to customers",
    "deprecated": false,
    "adapterProperties": [
      {
        "name": "AdapterMode",
        "key": "",
        "value": "Solicit Response"
      }
    ],
    "parameters": [
      {
        "name": "Body",
        "value": "",
        "param_type": "Param",
        "isVisible": false,
        "bindable": true,
        "required": true,
        "datatype": "System.String",
        "ui_source": "operation",
        "ui_category": "Subscribe Mode Properties"
      },
      {
        "name": "BodyType",
        "value": "Raw",
        "param_type": "Param",
        "ui_source": "operation"
      },
      {
        "name": "BodyFormat",
        "value": "XML",
        "param_type": "Param",
        "ui_source": "operation"
      },
      {
        "name": "Content-Type",
        "value": "application/json",
        "param_type": "Header",
        "ui_source": "operation"
      }
    ]
  },
  {
    "operation": "Get entities from vendors",
    "description": "",
    "operationId": "",
    "operationApiType": "GET",
    "operationPath": "/vendors",
    "operationSummary": "Get entities from vendors",
    "operationDescription": "Get entities from vendors",
    "deprecated": false,
    "adapterProperties": [
      {
        "name": "AdapterMode",
        "key": "",
        "value": "Solicit Response"
      }
    ],
    "parameters": []
  },
  {
    "operation": "Add new entity to vendors",
    "description": "",
    "operationId": "",
    "operationApiType": "POST",
    "operationPath": "/vendors",
    "operationSummary": "Add new entity to vendors",
    "operationDescription": "Add new entity to vendors",
    "deprecated": false,
    "adapterProperties": [
      {
        "name": "AdapterMode",
        "key": "",
        "value": "Solicit Response"
      }
    ],
    "parameters": [
      {
        "name": "Body",
        "value": "",
        "param_type": "Param",
        "isVisible": false,
        "bindable": true,
        "required": true,
        "datatype": "System.String",
        "ui_source": "operation",
        "ui_category": "Subscribe Mode Properties"
      },
      {
        "name": "BodyType",
        "value": "Raw",
        "param_type": "Param",
        "ui_source": "operation"
      },
      {
        "name": "BodyFormat",
        "value": "XML",
        "param_type": "Param",
        "ui_source": "operation"
      },
      {
        "name": "Content-Type",
        "value": "application/json",
        "param_type": "Header",
        "ui_source": "operation"
      }
    ]
  },
  {
    "operation": "Get entities from sales orders",
    "description": "",
    "operationId": "",
    "operationApiType": "GET",
    "operationPath": "/salesOrders",
    "operationSummary": "Get entities from sales orders",
    "operationDescription": "Get entities from sales orders",
    "deprecated": false,
    "adapterProperties": [
      {
        "name": "AdapterMode",
        "key": "",
        "value": "Solicit Response"
      }
    ],
    "parameters": []
  },
  {
    "operation": "Add new entity to sales orders",
    "description": "",
    "operationId": "",
    "operationApiType": "POST",
    "operationPath": "/salesOrders",
    "operationSummary": "Add new entity to sales orders",
    "operationDescription": "Add new entity to sales orders",
    "deprecated": false,
    "adapterProperties": [
      {
        "name": "AdapterMode",
        "key": "",
        "value": "Solicit Response"
      }
    ],
    "parameters": [
      {
        "name": "Body",
        "value": "",
        "param_type": "Param",
        "isVisible": false,
        "bindable": true,
        "required": true,
        "datatype": "System.String",
        "ui_source": "operation",
        "ui_category": "Subscribe Mode Properties"
      },
      {
        "name": "BodyType",
        "value": "Raw",
        "param_type": "Param",
        "ui_source": "operation"
      },
      {
        "name": "BodyFormat",
        "value": "XML",
        "param_type": "Param",
        "ui_source": "operation"
      },
      {
        "name": "Content-Type",
        "value": "application/json",
        "param_type": "Header",
        "ui_source": "operation"
      }
    ]
  },
  {
    "operation": "Get entities from purchase orders",
    "description": "",
    "operationId": "",
    "operationApiType": "GET",
    "operationPath": "/purchaseOrders",
    "operationSummary": "Get entities from purchase orders",
    "operationDescription": "Get entities from purchase orders",
    "deprecated": false,
    "adapterProperties": [
      {
        "name": "AdapterMode",
        "key": "",
        "value": "Solicit Response"
      }
    ],
    "parameters": []
  },
  {
    "operation": "Add new entity to purchase orders",
    "description": "",
    "operationId": "",
    "operationApiType": "POST",
    "operationPath": "/purchaseOrders",
    "operationSummary": "Add new entity to purchase orders",
    "operationDescription": "Add new entity to purchase orders",
    "deprecated": false,
    "adapterProperties": [
      {
        "name": "AdapterMode",
        "key": "",
        "value": "Solicit Response"
      }
    ],
    "parameters": [
      {
        "name": "Body",
        "value": "",
        "param_type": "Param",
        "isVisible": false,
        "bindable": true,
        "required": true,
        "datatype": "System.String",
        "ui_source": "operation",
        "ui_category": "Subscribe Mode Properties"
      },
      {
        "name": "BodyType",
        "value": "Raw",
        "param_type": "Param",
        "ui_source": "operation"
      },
      {
        "name": "BodyFormat",
        "value": "XML",
        "param_type": "Param",
        "ui_source": "operation"
      },
      {
        "name": "Content-Type",
        "value": "application/json",
        "param_type": "Header",
        "ui_source": "operation"
      }
    ]
  },
  {
    "operation": "Get entities from sales invoices",
    "description": "",
    "operationId": "",
    "operationApiType": "GET",
    "operationPath": "/salesInvoices",
    "operationSummary": "Get entities from sales invoices",
    "operationDescription": "Get entities from sales invoices",
    "deprecated": false,
    "adapterProperties": [
      {
        "name": "AdapterMode",
        "key": "",
        "value": "Solicit Response"
      }
    ],
    "parameters": []
  },
  {
    "operation": "Add new entity to sales invoices",
    "description": "",
    "operationId": "",
    "operationApiType": "POST",
    "operationPath": "/salesInvoices",
    "operationSummary": "Add new entity to sales invoices",
    "operationDescription": "Add new entity to sales invoices",
    "deprecated": false,
    "adapterProperties": [
      {
        "name": "AdapterMode",
        "key": "",
        "value": "Solicit Response"
      }
    ],
    "parameters": [
      {
        "name": "Body",
        "value": "",
        "param_type": "Param",
        "isVisible": false,
        "bindable": true,
        "required": true,
        "datatype": "System.String",
        "ui_source": "operation",
        "ui_category": "Subscribe Mode Properties"
      },
      {
        "name": "BodyType",
        "value": "Raw",
        "param_type": "Param",
        "ui_source": "operation"
      },
      {
        "name": "BodyFormat",
        "value": "XML",
        "param_type": "Param",
        "ui_source": "operation"
      },
      {
        "name": "Content-Type",
        "value": "application/json",
        "param_type": "Header",
        "ui_source": "operation"
      }
    ]
  },
  {
    "operation": "Add new entity to  journal lines",
    "description": "",
    "operationId": "",
    "operationApiType": "POST",
    "operationPath": "/journalLines",
    "operationSummary": "Add new entity to journal lines",
    "operationDescription": "Add new entity journal lines",
    "deprecated": false,
    "adapterProperties": [
      {
        "name": "AdapterMode",
        "key": "",
        "value": "Solicit Response"
      }
    ],
    "parameters": [
      {
        "name": "Body",
        "value": "",
        "param_type": "Param",
        "isVisible": false,
        "bindable": true,
        "required": true,
        "datatype": "System.String",
        "ui_source": "operation",
        "ui_category": "Subscribe Mode Properties"
      },
      {
        "name": "BodyType",
        "value": "Raw",
        "param_type": "Param",
        "ui_source": "operation"
      },
      {
        "name": "BodyFormat",
        "value": "XML",
        "param_type": "Param",
        "ui_source": "operation"
      },
      {
        "name": "Content-Type",
        "value": "application/json",
        "param_type": "Header",
        "ui_source": "operation"
      }
    ]
  },
  {
    "operation": "Get entities from currency",
    "description": "",
    "operationId": "",
    "operationApiType": "GET",
    "operationPath": "/currencies",
    "operationSummary": "Get entities from currency",
    "operationDescription": "Get entities from currency",
    "deprecated": false,
    "adapterProperties": [
      {
        "name": "AdapterMode",
        "key": "",
        "value": "Solicit Response"
      }
    ],
    "parameters": []
  },
  {
    "operation": "Add new entity to currency",
    "description": "",
    "operationId": "",
    "operationApiType": "POST",
    "operationPath": "/currencies",
    "operationSummary": "Add new entity to currency",
    "operationDescription": "Add new entity to currency",
    "deprecated": false,
    "adapterProperties": [
      {
        "name": "AdapterMode",
        "key": "",
        "value": "Solicit Response"
      }
    ],
    "parameters": [
      {
        "name": "Body",
        "value": "",
        "param_type": "Param",
        "isVisible": false,
        "bindable": true,
        "required": true,
        "datatype": "System.String",
        "ui_source": "operation",
        "ui_category": "Subscribe Mode Properties"
      },
      {
        "name": "BodyType",
        "value": "Raw",
        "param_type": "Param",
        "ui_source": "operation"
      },
      {
        "name": "BodyFormat",
        "value": "XML",
        "param_type": "Param",
        "ui_source": "operation"
      },
      {
        "name": "Content-Type",
        "value": "application/json",
        "param_type": "Header",
        "ui_source": "operation"
      }
    ]
  },
  {
    "operation": "Get entities from payment terms",
    "description": "",
    "operationId": "",
    "operationApiType": "GET",
    "operationPath": "/paymentTerms",
    "operationSummary": "Get entities from payment terms",
    "operationDescription": "Get entities from payment terms",
    "deprecated": false,
    "adapterProperties": [
      {
        "name": "AdapterMode",
        "key": "",
        "value": "Solicit Response"
      }
    ],
    "parameters": []
  },
  {
    "operation": "Add new entity to payment terms",
    "description": "",
    "operationId": "",
    "operationApiType": "POST",
    "operationPath": "/paymentTerms",
    "operationSummary": "Add new entity to payment terms",
    "operationDescription": "Add new entity to payment terms",
    "deprecated": false,
    "adapterProperties": [
      {
        "name": "AdapterMode",
        "key": "",
        "value": "Solicit Response"
      }
    ],
    "parameters": [
      {
        "name": "Body",
        "value": "",
        "param_type": "Param",
        "isVisible": false,
        "bindable": true,
        "required": true,
        "datatype": "System.String",
        "ui_source": "operation",
        "ui_category": "Subscribe Mode Properties"
      },
      {
        "name": "BodyType",
        "value": "Raw",
        "param_type": "Param",
        "ui_source": "operation"
      },
      {
        "name": "BodyFormat",
        "value": "XML",
        "param_type": "Param",
        "ui_source": "operation"
      },
      {
        "name": "Content-Type",
        "value": "application/json",
        "param_type": "Header",
        "ui_source": "operation"
      }
    ]
  },
  {
    "operation": "Get entities from employees",
    "description": "",
    "operationId": "",
    "operationApiType": "GET",
    "operationPath": "/employees",
    "operationSummary": "Get entities from employees",
    "operationDescription": "Get entities from employees",
    "deprecated": false,
    "adapterProperties": [
      {
        "name": "AdapterMode",
        "key": "",
        "value": "Solicit Response"
      }
    ],
    "parameters": []
  },
  {
    "operation": "Add new entity to employees",
    "description": "",
    "operationId": "",
    "operationApiType": "POST",
    "operationPath": "/employees",
    "operationSummary": "Add new entity to employees",
    "operationDescription": "Add new entity to employees",
    "deprecated": false,
    "adapterProperties": [
      {
        "name": "AdapterMode",
        "key": "",
        "value": "Solicit Response"
      }
    ],
    "parameters": [
      {
        "name": "Body",
        "value": "",
        "param_type": "Param",
        "isVisible": false,
        "bindable": true,
        "required": true,
        "datatype": "System.String",
        "ui_source": "operation",
        "ui_category": "Subscribe Mode Properties"
      },
      {
        "name": "BodyType",
        "value": "Raw",
        "param_type": "Param",
        "ui_source": "operation"
      },
      {
        "name": "BodyFormat",
        "value": "XML",
        "param_type": "Param",
        "ui_source": "operation"
      },
      {
        "name": "Content-Type",
        "value": "application/json",
        "param_type": "Header",
        "ui_source": "operation"
      }
    ]
  },
  {
    "operation": "Get entities from locations",
    "description": "",
    "operationId": "",
    "operationApiType": "GET",
    "operationPath": "/locations",
    "operationSummary": "Get entities from locations",
    "operationDescription": "Get entities from locations",
    "deprecated": false,
    "adapterProperties": [
      {
        "name": "AdapterMode",
        "key": "",
        "value": "Solicit Response"
      }
    ],
    "parameters": []
  },
  {
    "operation": "Add new entity to locations",
    "description": "",
    "operationId": "",
    "operationApiType": "POST",
    "operationPath": "/locations",
    "operationSummary": "Add new entity to locations",
    "operationDescription": "Add new entity to locations",
    "deprecated": false,
    "adapterProperties": [
      {
        "name": "AdapterMode",
        "key": "",
        "value": "Solicit Response"
      }
    ],
    "parameters": [
      {
        "name": "Body",
        "value": "",
        "param_type": "Param",
        "isVisible": false,
        "bindable": true,
        "required": true,
        "datatype": "System.String",
        "ui_source": "operation",
        "ui_category": "Subscribe Mode Properties"
      },
      {
        "name": "BodyType",
        "value": "Raw",
        "param_type": "Param",
        "ui_source": "operation"
      },
      {
        "name": "BodyFormat",
        "value": "XML",
        "param_type": "Param",
        "ui_source": "operation"
      },
      {
        "name": "Content-Type",
        "value": "application/json",
        "param_type": "Header",
        "ui_source": "operation"
      }
    ]
  },
  {
    "operation": "Get entities from item categories",
    "description": "",
    "operationId": "",
    "operationApiType": "GET",
    "operationPath": "/itemCategories",
    "operationSummary": "Get entities from item categories",
    "operationDescription": "Get entities from item categories",
    "deprecated": false,
    "adapterProperties": [
      {
        "name": "AdapterMode",
        "key": "",
        "value": "Solicit Response"
      }
    ],
    "parameters": []
  },
  {
    "operation": "Add new entity to item categories",
    "description": "",
    "operationId": "",
    "operationApiType": "POST",
    "operationPath": "/itemCategories",
    "operationSummary": "Add new entity to item categories",
    "operationDescription": "Add new entity to item categories",
    "deprecated": false,
    "adapterProperties": [
      {
        "name": "AdapterMode",
        "key": "",
        "value": "Solicit Response"
      }
    ],
    "parameters": [
      {
        "name": "Body",
        "value": "",
        "param_type": "Param",
        "isVisible": false,
        "bindable": true,
        "required": true,
        "datatype": "System.String",
        "ui_source": "operation",
        "ui_category": "Subscribe Mode Properties"
      },
      {
        "name": "BodyType",
        "value": "Raw",
        "param_type": "Param",
        "ui_source": "operation"
      },
      {
        "name": "BodyFormat",
        "value": "XML",
        "param_type": "Param",
        "ui_source": "operation"
      },
      {
        "name": "Content-Type",
        "value": "application/json",
        "param_type": "Header",
        "ui_source": "operation"
      }
    ]
  },
  {
    "operation": "Get entities from shipment methods",
    "description": "",
    "operationId": "",
    "operationApiType": "GET",
    "operationPath": "/shipmentMethods",
    "operationSummary": "Get entities from shipment methods",
    "operationDescription": "Get entities from shipment methods",
    "deprecated": false,
    "adapterProperties": [
      {
        "name": "AdapterMode",
        "key": "",
        "value": "Solicit Response"
      }
    ],
    "parameters": []
  },
  {
    "operation": "Add new entity to shipment methods",
    "description": "",
    "operationId": "",
    "operationApiType": "POST",
    "operationPath": "/shipmentMethods",
    "operationSummary": "Add new entity to shipment methods",
    "operationDescription": "Add new entity to shipment methods",
    "deprecated": false,
    "adapterProperties": [
      {
        "name": "AdapterMode",
        "key": "",
        "value": "Solicit Response"
      }
    ],
    "parameters": [
      {
        "name": "Body",
        "value": "",
        "param_type": "Param",
        "isVisible": false,
        "bindable": true,
        "required": true,
        "datatype": "System.String",
        "ui_source": "operation",
        "ui_category": "Subscribe Mode Properties"
      },
      {
        "name": "BodyType",
        "value": "Raw",
        "param_type": "Param",
        "ui_source": "operation"
      },
      {
        "name": "BodyFormat",
        "value": "XML",
        "param_type": "Param",
        "ui_source": "operation"
      },
      {
        "name": "Content-Type",
        "value": "application/json",
        "param_type": "Header",
        "ui_source": "operation"
      }
    ]
  },
  {
    "operation": "Get entities from sales quotes",
    "description": "",
    "operationId": "",
    "operationApiType": "GET",
    "operationPath": "/salesQuotes",
    "operationSummary": "Get entities from sales quotes",
    "operationDescription": "Get entities from sales quotes",
    "deprecated": false,
    "adapterProperties": [
      {
        "name": "AdapterMode",
        "key": "",
        "value": "Solicit Response"
      }
    ],
    "parameters": []
  },
  {
    "operation": "Add new entity to sales quotes",
    "description": "",
    "operationId": "",
    "operationApiType": "POST",
    "operationPath": "/salesQuotes",
    "operationSummary": "Add new entity to sales quotes",
    "operationDescription": "Add new entity to sales quotes",
    "deprecated": false,
    "adapterProperties": [
      {
        "name": "AdapterMode",
        "key": "",
        "value": "Solicit Response"
      }
    ],
    "parameters": [
      {
        "name": "Body",
        "value": "",
        "param_type": "Param",
        "isVisible": false,
        "bindable": true,
        "required": true,
        "datatype": "System.String",
        "ui_source": "operation",
        "ui_category": "Subscribe Mode Properties"
      },
      {
        "name": "BodyType",
        "value": "Raw",
        "param_type": "Param",
        "ui_source": "operation"
      },
      {
        "name": "BodyFormat",
        "value": "XML",
        "param_type": "Param",
        "ui_source": "operation"
      },
      {
        "name": "Content-Type",
        "value": "application/json",
        "param_type": "Header",
        "ui_source": "operation"
      }
    ]
  }
]