[
  {
    "operation": "Get an specified attachment",
    "description": "",
    "operationId": "get_specified_attachment",
    "operationApiType": "GET",
    "operationPath": "/now/attachment/{sys_id}/file",
    "operationSummary": "Get an specified attachment.",
    "operationDescription": "Get an specified attachment.",
    "deprecated": false,
    "adapterProperties": [
      {
        "name": "AdapterMode",
        "key": "",
        "value": "Solicit Response"
      }
    ],
    "parameters": [
      {
        "name": "{sys_id}",
        "description": "Specify System Id of the attachment record you want to retrieve",
        "value": "",
        "param_type": "Path",
        "isVisible": true,
        "bindable": true,
        "required": true,
        "ui_source": "operation",
        "ui_category": "Misc",
        "datatype": "System.String",
        "ui_displayName": "System Id"
      }
    ]
  },
  {
    "operation": "Delete an attachment",
    "description": "",
    "operationId": "delete_an_attachment",
    "operationApiType": "DELETE",
    "operationPath": "/now/attachment/{sys_id}",
    "operationSummary": "Delete an attachment.",
    "operationDescription": "Delete an attachment",
    "deprecated": false,
    "adapterProperties": [
      {
        "name": "AdapterMode",
        "key": "",
        "value": "Solicit Response"
      }
    ],
    "parameters": [
      {
        "name": "{sys_id}",
        "description": "Specify System Id of the attachment record you want to retrieve",
        "value": "",
        "param_type": "Path",
        "isVisible": true,
        "bindable": true,
        "required": true,
        "ui_source": "operation",
        "ui_category": "Misc",
        "datatype": "System.String",
        "ui_displayName": "System Id"
      },
      {
        "name": "Content-Type",
        "value": "application/json",
        "param_type": "Header",
        "ui_source": "operation"
      }
    ]
  },
  {
    "operation": "Upload an attachment",
    "description": "",
    "operationId": "upload_an_attachment",
    "operationApiType": "POST",
    "operationPath": "/now/attachment/file",
    "operationSummary": "Upload an attachement",
    "operationDescription": "Upload an attachment",
    "deprecated": false,
    "adapterProperties": [
      {
        "name": "AdapterMode",
        "key": "",
        "value": "Solicit Response"
      }
    ],
    "parameters": [
      {
        "name": "Body",
        "value": "",
        "param_type": "Param",
        "bindable": true,
        "isVisible": false,
        "required": true,
        "datatype": "System.String",
        "description": "Specify the content of the body to upload.",
        "ui_source": "operation",
        "ui_EditorType": "TextArea",
        "ui_category": "Misc",
        "ui_displayName": "Body"
      },
      {
        "name": "BodyType",
        "value": "Raw",
        "param_type": "Param",
        "ui_source": "operation"
      },
      {
        "name": "BodyFormat",
        "value": "JSON",
        "param_type": "Param",
        "ui_source": "operation"
      },
      {
        "name": "file_name",
        "description": "Required, Name to give the attachment",
        "value": "",
        "param_type": "UrlParam",
        "isVisible": true,
        "bindable": true,
        "required": true,
        "ui_source": "operation",
        "ui_category": "Misc",
        "datatype": "System.String",
        "ui_displayName": "File Name"
      },
      {
        "name": "table_name",
        "description": "Required, Name of the table to attach the file to",
        "value": "",
        "param_type": "UrlParam",
        "isVisible": true,
        "bindable": true,
        "required": true,
        "ui_source": "operation",
        "ui_category": "Misc",
        "datatype": "System.String",
        "ui_displayName": "Table Name"
      },
      {
        "name": "table_sys_id",
        "description": "Required. Sys_id of the record in the table specified in table_name that you want to attach the file to.",
        "value": "",
        "param_type": "UrlParam",
        "isVisible": true,
        "bindable": true,
        "required": true,
        "ui_source": "operation",
        "ui_category": "Misc",
        "datatype": "System.String",
        "ui_displayName": "Table System Id"
      },
      {
        "name": "Content-Type",
        "value": "application/json",
        "param_type": "Header",
        "ui_source": "operation"
      }
    ]
  },
  {
    "operation": "Get all attachment",
    "description": "",
    "operationId": "get_all_attachment",
    "operationApiType": "GET",
    "operationPath": "/now/attachment",
    "operationSummary": "Get all attachement",
    "operationDescription": "Get all attachment",
    "deprecated": false,
    "adapterProperties": [
      {
        "name": "AdapterMode",
        "key": "",
        "value": "Solicit Response"
      }
    ],
    "parameters": []
  },
  {
    "operation": "Create a new email",
    "description": "",
    "operationId": "create_new_email",
    "operationApiType": "POST",
    "operationPath": "/now/v1/email",
    "operationSummary": "create a new email.",
    "operationDescription": "create a new email",
    "deprecated": false,
    "adapterProperties": [
      {
        "name": "AdapterMode",
        "key": "",
        "value": "Solicit Response"
      }
    ],
    "parameters": [
      {
        "name": "Body",
        "value": "",
        "param_type": "Param",
        "bindable": true,
        "isVisible": false,
        "required": true,
        "datatype": "System.String",
        "description": "Specify the content of the body to upload.",
        "ui_source": "operation",
        "ui_EditorType": "TextArea",
        "ui_category": "Misc",
        "ui_displayName": "Body"
      },
      {
        "name": "BodyType",
        "value": "Raw",
        "param_type": "Param",
        "ui_source": "operation"
      },
      {
        "name": "BodyFormat",
        "value": "JSON",
        "param_type": "Param",
        "ui_source": "operation"
      },
      {
        "name": "Content-Type",
        "value": "application/json",
        "param_type": "Header",
        "ui_source": "operation"
      }
    ]
  },
  {
    "operation": "Get an email",
    "description": "",
    "operationId": "get_an_email",
    "operationApiType": "GET",
    "operationPath": "/now/v1/email/{sys_id}",
    "operationSummary": "Get an email.",
    "operationDescription": "Get an email.",
    "deprecated": false,
    "adapterProperties": [
      {
        "name": "AdapterMode",
        "key": "",
        "value": "Solicit Response"
      }
    ],
    "parameters": [
      {
        "name": "{sys_id}",
        "description": "Specify System Id of the email record you want to retrieve",
        "value": "",
        "param_type": "Path",
        "isVisible": true,
        "bindable": true,
        "required": true,
        "ui_source": "operation",
        "ui_category": "Misc",
        "datatype": "System.String",
        "ui_displayName": "System Id"
      }
    ]
  },
  {
    "operation": "Create a record",
    "description": "",
    "operationId": "create_record",
    "operationApiType": "POST",
    "operationPath": "/now/table/{tableName}",
    "operationSummary": "Create a record",
    "operationDescription": "Create a record",
    "deprecated": false,
    "adapterProperties": [
      {
        "name": "AdapterMode",
        "key": "",
        "value": "Solicit Response"
      }
    ],
    "parameters": [
      {
        "name": "{tableName}",
        "description": "Specify the table name where you want to create a new record",
        "value": "",
        "param_type": "Path",
        "isVisible": true,
        "bindable": true,
        "required": true,
        "ui_source": "operation",
        "sourceProperty": "tableName",
        "ui_category": "Misc",
        "datatype": "System.String",
        "ui_displayName": "Table Name"
      },
      {
        "name": "Body",
        "value": "",
        "param_type": "Param",
        "bindable": true,
        "isVisible": false,
        "required": true,
        "datatype": "System.String",
        "description": "Specify the content of the body to upload.",
        "ui_source": "operation",
        "ui_EditorType": "TextArea",
        "ui_category": "Misc",
        "ui_displayName": "Body"
      },
      {
        "name": "BodyType",
        "value": "Raw",
        "param_type": "Param",
        "ui_source": "operation"
      },
      {
        "name": "BodyFormat",
        "value": "JSON",
        "param_type": "Param",
        "ui_source": "operation"
      },
      {
        "name": "Content-Type",
        "value": "application/json",
        "param_type": "Header",
        "ui_source": "operation"
      }
    ]
  },
  {
    "operation": "Retrieve a record",
    "description": "",
    "operationId": "retrieve_record",
    "operationApiType": "GET",
    "operationPath": "/now/table/{tableName}/{sys_id}",
    "operationSummary": "Retrieve a record",
    "operationDescription": "Retrieve a record",
    "deprecated": false,
    "adapterProperties": [
      {
        "name": "AdapterMode",
        "key": "",
        "value": "Solicit Response"
      }
    ],
    "parameters": [
      {
        "name": "{sys_id}",
        "description": "Specify System Id of the record you want to retrieve",
        "value": "",
        "param_type": "Path",
        "isVisible": true,
        "bindable": true,
        "required": true,
        "ui_source": "operation",
        "ui_category": "Misc",
        "datatype": "System.String",
        "ui_displayName": "System Id"
      },
      {
        "name": "{tableName}",
        "description": "Specify the table name where you want to retrieve records",
        "value": "",
        "param_type": "Path",
        "isVisible": true,
        "bindable": true,
        "required": true,
        "ui_source": "operation",
        "sourceProperty": "tableName",
        "ui_category": "Misc",
        "datatype": "System.String"
      }
    ]
  },
  {
    "operation": "Detete a record",
    "description": "",
    "operationId": "delete_record",
    "operationApiType": "DELETE",
    "operationPath": "/now/table/{tableName}/{sys_id}",
    "operationSummary": "Delete a record",
    "operationDescription": "Delete a record",
    "deprecated": false,
    "adapterProperties": [
      {
        "name": "AdapterMode",
        "key": "",
        "value": "Solicit Response"
      }
    ],
    "parameters": [
      {
        "name": "{sys_id}",
        "description": "Specify System Id of the record you want to delete",
        "value": "",
        "param_type": "Path",
        "isVisible": true,
        "bindable": true,
        "required": true,
        "ui_source": "operation",
        "ui_category": "Misc",
        "datatype": "System.String",
        "ui_displayName": "System Id"
      },
      {
        "name": "{tableName}",
        "description": "Specify the table name where you want to delete a record",
        "value": "",
        "param_type": "Path",
        "isVisible": true,
        "bindable": true,
        "required": true,
        "ui_source": "operation",
        "sourceProperty": "tableName",
        "ui_category": "Misc",
        "datatype": "System.String",
        "ui_displayName": "Table Name"
      }, 
      {
        "name": "Content-Type",
        "value": "application/json",
        "param_type": "Header",
        "ui_source": "operation"
      }

    ]
  },
  {
    "operation": "Update a record",
    "description": "",
    "operationId": "update_record",
    "operationApiType": "PATCH",
    "operationPath": "/now/table/{tableName}/{sys_id}",
    "operationSummary": "Update a record ",
    "operationDescription": "update a record",
    "deprecated": false,
    "adapterProperties": [
      {
        "name": "AdapterMode",
        "key": "",
        "value": "Solicit Response"
      }
    ],
    "parameters": [
      {
        "name": "{sys_id}",
        "description": "Specify System Id of the record you want to update",
        "value": "",
        "param_type": "Path",
        "isVisible": true,
        "bindable": true,
        "required": true,
        "ui_source": "operation",
        "ui_category": "Misc",
        "datatype": "System.String",
        "ui_displayName": "System Id"
      },
      {
        "name": "{tableName}",
        "description": "Specify the table name where you want to update a record",
        "value": "",
        "param_type": "Path",
        "isVisible": true,
        "bindable": true,
        "required": true,
        "ui_source": "operation",
        "sourceProperty": "tableName",
        "ui_category": "Misc",
        "datatype": "System.String",
        "ui_displayName": "Table Name"
      },
      {
        "name": "Body",
        "value": "",
        "param_type": "Param",
        "bindable": true,
        "isVisible": false,
        "required": true,
        "datatype": "System.String",
        "description": "Specify the content of the body to upload.",
        "ui_source": "operation",
        "ui_EditorType": "TextArea",
        "ui_category": "Misc",
        "ui_displayName": "Body"
      },
      {
        "name": "BodyType",
        "value": "Raw",
        "param_type": "Param",
        "ui_source": "operation"
      },
      {
        "name": "BodyFormat",
        "value": "JSON",
        "param_type": "Param",
        "ui_source": "operation"
      },
      {
        "name": "Content-Type",
        "value": "application/json",
        "param_type": "Header",
        "ui_source": "operation"
      }
    ]
  },
  {
    "operation": "Get incidents",
    "description": "",
    "operationId": "get_incidents",
    "operationApiType": "GET",
    "operationPath": "/now/table/incident",
    "operationSummary": "Get incidents",
    "operationDescription": "Get incidents",
    "deprecated": false,
    "adapterProperties": [
      {
        "name": "AdapterMode",
        "key": "",
        "value": "Solicit Response"
      }
    ],
    "parameters": []
  },
  {
    "operation": "Get incident",
    "description": "",
    "operationId": "get_incident",
    "operationApiType": "GET",
    "operationPath": "/now/table/incident/{sys_id}",
    "operationSummary": "Get incident",
    "operationDescription": "Get incident",
    "deprecated": false,
    "adapterProperties": [
      {
        "name": "AdapterMode",
        "key": "",
        "value": "Solicit Response"
      }
    ],
    "parameters": [
      {
        "name": "{sys_id}",
        "description": "Specify System Id of the incident record you want to retrieve",
        "value": "",
        "param_type": "Path",
        "isVisible": true,
        "bindable": true,
        "required": true,
        "ui_source": "operation",
        "ui_category": "Misc",
        "datatype": "System.String",
        "ui_displayName": "System Id"
      }
    ]
  },
  {
    "operation": "Create incident",
    "description": "",
    "operationId": "create_incident",
    "operationApiType": "POST",
    "operationPath": "/now/table/incident",
    "operationSummary": "Create incident",
    "operationDescription": "Create incident",
    "deprecated": false,
    "adapterProperties": [
      {
        "name": "AdapterMode",
        "key": "",
        "value": "Solicit Response"
      }
    ],
    "parameters": [
      {
        "name": "Body",
        "value": "",
        "param_type": "Param",
        "bindable": true,
        "isVisible": false,
        "required": true,
        "datatype": "System.String",
        "description": "Specify the content of the body to upload.",
        "ui_source": "operation",
        "ui_EditorType": "TextArea",
        "ui_category": "Misc",
        "ui_displayName": "Body"
      },
      {
        "name": "BodyType",
        "value": "Raw",
        "param_type": "Param",
        "ui_source": "operation"
      },
      {
        "name": "BodyFormat",
        "value": "JSON",
        "param_type": "Param",
        "ui_source": "operation"
      },
      {
        "name": "Content-Type",
        "value": "application/json",
        "param_type": "Header",
        "ui_source": "operation"
      }
    ]
  },
  {
    "operation": "Update Incident",
    "description": "",
    "operationId": "update_incident",
    "operationApiType": "PUT",
    "operationPath": "/now/table/incident/{sys_id}",
    "operationSummary": "Update incident",
    "operationDescription": "Update incident",
    "deprecated": false,
    "adapterProperties": [
      {
        "name": "AdapterMode",
        "key": "",
        "value": "Solicit Response"
      }
    ],
    "parameters": [
      {
        "name": "{sys_id}",
        "description": "Specify System Id of the Incident record you want to update",
        "value": "",
        "param_type": "Path",
        "isVisible": true,
        "bindable": true,
        "required": true,
        "ui_source": "operation",
        "ui_category": "Misc",
        "datatype": "System.String",
        "ui_displayName": "System Id"
      },
      {
        "name": "Body",
        "value": "",
        "param_type": "Param",
        "bindable": true,
        "isVisible": false,
        "required": true,
        "datatype": "System.String",
        "description": "Specify the content of the body to upload.",
        "ui_source": "operation",
        "ui_EditorType": "TextArea",
        "ui_category": "Misc",
        "ui_displayName": "Body"
      },
      {
        "name": "BodyType",
        "value": "Raw",
        "param_type": "Param",
        "ui_source": "operation"
      },
      {
        "name": "BodyFormat",
        "value": "JSON",
        "param_type": "Param",
        "ui_source": "operation"
      },
      {
        "name": "Content-Type",
        "value": "application/json",
        "param_type": "Header",
        "ui_source": "operation"
      }
    ]
  }
]
